-- phpMyAdmin SQL Dump
-- version 3.2.4
-- http://www.phpmyadmin.net
--
-- Host: localhost
-- Generation Time: Feb 17, 2014 at 10:21 AM
-- Server version: 5.1.41
-- PHP Version: 5.3.1

SET SQL_MODE="NO_AUTO_VALUE_ON_ZERO";


/*!40101 SET @OLD_CHARACTER_SET_CLIENT=@@CHARACTER_SET_CLIENT */;
/*!40101 SET @OLD_CHARACTER_SET_RESULTS=@@CHARACTER_SET_RESULTS */;
/*!40101 SET @OLD_COLLATION_CONNECTION=@@COLLATION_CONNECTION */;
/*!40101 SET NAMES utf8 */;

--
-- Database: `portal`
--

-- --------------------------------------------------------

--
-- Table structure for table `campuses`
--

CREATE TABLE IF NOT EXISTS `campuses` (
  `cid` int(11) unsigned NOT NULL,
  `campus` varchar(255) NOT NULL,
  `cty` int(11) unsigned NOT NULL,
  PRIMARY KEY (`cid`)
) ENGINE=MyISAM DEFAULT CHARSET=utf8;

--
-- Dumping data for table `campuses`
--

INSERT INTO `campuses` (`cid`, `campus`, `cty`) VALUES
(1, 'Superior College Science', 1),
(4, 'Superior College of Law ', 1),
(5, 'Superior College of Commerce', 1),
(6, 'Superior College for Women ', 1),
(7, 'University Campus', 1),
(8, 'Faisalabad Campus', 2),
(9, 'Multan Campus', 3),
(10, 'Okara Campus', 4),
(11, 'Rahim Yar Khan', 5),
(12, 'Sargodha', 6),
(13, 'Sialkot', 7),
(14, 'Gujranwala', 8),
(15, 'Sahiwal', 9),
(16, 'Khanpur', 21),
(17, 'Sheikhupura', 10),
(18, 'Borewalaa', 11),
(19, 'Pattoki', 12),
(20, 'Raiwalpindi', 13),
(21, 'Jehlum', 14),
(22, 'Hafizabad', 15),
(23, 'Bahawalpur', 16),
(24, 'Pakpatan', 17),
(25, 'Bahawalnagar', 18),
(26, 'Arifwala', 19),
(27, 'Toba Tek Singh', 20),
(28, 'Gujrat ', 22),
(29, 'Daska', 23),
(30, 'Depalpur', 24),
(31, 'Jhang', 25),
(32, 'Pasroor', 26),
(33, 'Ravi Campus', 27),
(34, 'Sambrial', 28),
(35, 'Narowal', 29),
(36, 'Mandi Bahaudin', 30),
(37, 'Kharian', 31),
(38, 'Bhakkar', 32),
(39, 'BoysCampus', 28),
(40, 'Girls Campus', 28);

-- --------------------------------------------------------

--
-- Table structure for table `cities`
--

CREATE TABLE IF NOT EXISTS `cities` (
  `cid` int(11) unsigned NOT NULL,
  `city` varchar(255) NOT NULL,
  PRIMARY KEY (`cid`)
) ENGINE=MyISAM DEFAULT CHARSET=utf8;

--
-- Dumping data for table `cities`
--

INSERT INTO `cities` (`cid`, `city`) VALUES
(1, 'Lahore'),
(2, 'Faisalabad'),
(3, 'Multan'),
(4, 'Okara'),
(5, 'Rahim Yar Khan'),
(6, 'Sargodha'),
(7, 'Sialkot'),
(8, 'Gujranwala'),
(9, 'Sahiwal'),
(10, 'Sheikhupura'),
(11, 'Borewalaa'),
(12, 'Pattoki'),
(13, 'Raiwalpindi'),
(14, 'Jehlum'),
(15, 'Hafizabad'),
(16, 'Bahawalpur'),
(17, 'Pakpatan'),
(18, 'Bahawalnagar'),
(19, 'Arifwala'),
(20, 'Toba Tek Singh'),
(21, 'Khanpur'),
(22, 'Gujrat '),
(23, 'Daska'),
(24, 'Depalpur'),
(25, 'Jhang'),
(26, 'Pasroor'),
(27, 'Shahdara '),
(28, 'Sambrial'),
(29, 'Narowal'),
(30, 'Mandi Bahaudin'),
(31, 'Kharian'),
(32, 'Bhakkar');

-- --------------------------------------------------------

--
-- Table structure for table `rights`
--

CREATE TABLE IF NOT EXISTS `rights` (
  `rid` int(11) unsigned NOT NULL,
  `cty` varchar(255) NOT NULL,
  `camp` varchar(255) NOT NULL,
  `fac` varchar(255) NOT NULL,
  `dept` varchar(255) NOT NULL,
  `about` varchar(255) NOT NULL,
  `stf` varchar(255) NOT NULL,
  `award` varchar(255) NOT NULL,
  `mban` varchar(255) NOT NULL,
  `news` varchar(255) NOT NULL,
  `anm` varchar(255) NOT NULL,
  `evn` varchar(255) NOT NULL,
  `pht` varchar(255) NOT NULL,
  `spl` varchar(255) NOT NULL,
  `cnt` varchar(255) NOT NULL,
  `prg` varchar(255) NOT NULL,
  `sem` varchar(255) NOT NULL,
  `sbj` varchar(255) NOT NULL,
  `fee` varchar(255) NOT NULL,
  `road` varchar(255) NOT NULL,
  `ebc` varchar(255) NOT NULL,
  `ebook` varchar(255) NOT NULL,
  `ul` varchar(255) NOT NULL,
  `rc` varchar(255) NOT NULL,
  `rl` varchar(255) NOT NULL,
  `trn` varchar(255) NOT NULL,
  `ini` varchar(255) NOT NULL,
  `nu` varchar(255) NOT NULL,
  `admsch` varchar(255) NOT NULL,
  `pub` varchar(255) NOT NULL,
  `re` varchar(255) NOT NULL,
  `ma` varchar(255) NOT NULL,
  `aif` varchar(255) NOT NULL,
  `ab` varchar(255) NOT NULL,
  `ap` varchar(255) NOT NULL,
  `gevents` varchar(255) NOT NULL,
  `orientationsch` varchar(255) NOT NULL,
  `sjor` varchar(255) NOT NULL,
  `sju` varchar(255) NOT NULL,
  `uid` int(11) unsigned NOT NULL,
  PRIMARY KEY (`rid`)
) ENGINE=MyISAM DEFAULT CHARSET=utf8;

--
-- Dumping data for table `rights`
--

INSERT INTO `rights` (`rid`, `cty`, `camp`, `fac`, `dept`, `about`, `stf`, `award`, `mban`, `news`, `anm`, `evn`, `pht`, `spl`, `cnt`, `prg`, `sem`, `sbj`, `fee`, `road`, `ebc`, `ebook`, `ul`, `rc`, `rl`, `trn`, `ini`, `nu`, `admsch`, `pub`, `re`, `ma`, `aif`, `ab`, `ap`, `gevents`, `orientationsch`, `sjor`, `sju`, `uid`) VALUES
(1, 'False', 'False', 'False', 'False', 'False', 'False', 'False', 'False', 'False', 'False', 'False', 'False', 'False', 'False', 'False', 'False', 'False', 'False', 'False', 'True', 'True', 'True', 'False', 'False', 'False', 'False', 'False', 'False', 'False', 'False', 'False', 'False', 'False', 'False', 'False', 'False', 'False', 'False', 2),
(2, 'True', 'True', 'True', 'True', 'True', 'True', 'True', 'True', 'True', 'True', 'True', 'True', 'True', 'True', 'True', 'True', 'True', 'True', 'True', 'True', 'True', 'True', 'True', 'True', 'True', 'True', 'True', 'True', 'True', 'True', 'True', 'True', 'True', 'True', 'False', 'False', 'False', 'False', 1),
(3, 'False', 'False', 'False', 'False', 'False', 'False', 'False', 'False', 'False', 'False', 'False', 'False', 'False', 'False', 'False', 'False', 'False', 'False', 'False', 'False', 'False', 'False', 'True', 'True', 'True', 'True', 'False', 'False', 'True', 'True', 'False', 'False', 'False', 'False', 'False', 'False', 'False', 'False', 3),
(4, 'True', 'True', 'True', 'True', 'True', 'True', 'True', 'True', 'True', 'True', 'True', 'True', 'True', 'True', 'True', 'True', 'True', 'True', 'True', 'True', 'True', 'True', 'True', 'True', 'True', 'True', 'False', 'True', 'True', 'True', 'False', 'False', 'False', 'False', 'False', 'False', 'False', 'False', 4),
(5, 'False', 'False', 'False', 'False', 'False', 'False', 'False', 'False', 'True', 'True', 'True', 'True', 'False', 'False', 'False', 'False', 'False', 'False', 'False', 'False', 'False', 'False', 'False', 'False', 'False', 'False', 'False', 'False', 'False', 'False', 'False', 'False', 'False', 'False', 'False', 'False', 'False', 'False', 5),
(6, 'False', 'False', 'False', 'False', 'False', 'False', 'False', 'False', 'False', 'False', 'False', 'False', 'True', 'False', 'True', 'True', 'True', 'True', 'True', 'False', 'False', 'False', 'False', 'False', 'False', 'False', 'False', 'True', 'False', 'False', 'False', 'False', 'False', 'False', 'False', 'False', 'False', 'False', 6),
(7, 'False', 'False', 'False', 'True', 'False', 'True', 'False', 'False', 'False', 'False', 'False', 'False', 'False', 'False', 'False', 'False', 'False', 'False', 'False', 'False', 'False', 'False', 'False', 'False', 'False', 'False', 'False', 'False', 'False', 'False', 'False', 'False', 'False', 'False', 'False', 'False', 'False', 'False', 7),
(8, 'True', 'True', 'True', 'True', 'True', 'True', 'True', 'True', 'True', 'True', 'True', 'True', 'True', 'True', 'True', 'True', 'True', 'True', 'True', 'True', 'True', 'True', 'True', 'True', 'True', 'True', 'False', 'True', 'True', 'True', 'False', 'False', 'False', 'False', 'False', 'False', 'False', 'False', 8),
(9, 'False', 'False', 'False', 'False', 'False', 'False', 'False', 'False', 'False', 'True', 'False', 'False', 'False', 'False', 'False', 'False', 'False', 'False', 'False', 'False', 'False', 'False', 'False', 'False', 'False', 'False', 'False', 'False', 'False', 'False', 'False', 'False', 'False', 'False', 'False', 'False', 'False', 'False', 9),
(10, 'False', 'False', 'False', 'False', 'False', 'False', 'False', 'False', 'False', 'True', 'False', 'False', 'False', 'False', 'False', 'False', 'False', 'False', 'False', 'False', 'False', 'False', 'False', 'False', 'False', 'False', 'False', 'False', 'False', 'False', 'False', 'False', 'False', 'False', 'False', 'False', 'False', 'False', 10),
(11, 'False', 'False', 'False', 'False', 'False', 'False', 'False', 'False', 'False', 'True', 'False', 'False', 'False', 'False', 'False', 'False', 'False', 'False', 'False', 'False', 'False', 'False', 'False', 'False', 'False', 'False', 'False', 'False', 'False', 'False', 'False', 'False', 'False', 'False', 'False', 'False', 'False', 'False', 11),
(12, 'False', 'False', 'False', 'False', 'False', 'False', 'False', 'False', 'False', 'True', 'False', 'False', 'False', 'False', 'False', 'False', 'False', 'False', 'False', 'False', 'False', 'False', 'False', 'False', 'False', 'False', 'False', 'False', 'False', 'False', 'False', 'False', 'False', 'False', 'False', 'False', 'False', 'False', 12),
(13, 'False', 'False', 'False', 'False', 'False', 'False', 'False', 'False', 'True', 'True', 'True', 'True', 'False', 'False', 'False', 'False', 'False', 'False', 'False', 'False', 'False', 'False', 'False', 'False', 'False', 'False', 'False', 'False', 'False', 'False', 'False', 'False', 'False', 'False', 'False', 'False', 'False', 'False', 13),
(14, 'False', 'False', 'False', 'False', 'False', 'False', 'False', 'False', 'False', 'False', 'False', 'False', 'True', 'False', 'False', 'False', 'False', 'False', 'False', 'False', 'False', 'False', 'False', 'False', 'False', 'False', 'False', 'False', 'False', 'False', 'False', 'False', 'False', 'False', 'False', 'False', 'False', 'False', 14),
(15, 'False', 'False', 'False', 'False', 'False', 'False', 'False', 'False', 'False', 'True', 'True', 'True', 'False', 'False', 'False', 'False', 'False', 'False', 'False', 'False', 'False', 'False', 'False', 'False', 'False', 'False', 'False', 'False', 'False', 'False', 'True', 'True', 'True', 'True', 'False', 'False', 'False', 'False', 15);

-- --------------------------------------------------------

--
-- Table structure for table `su_about`
--

CREATE TABLE IF NOT EXISTS `su_about` (
  `abt_id` int(11) unsigned DEFAULT NULL,
  `abt_title` varchar(255) DEFAULT NULL,
  `abt_des` varchar(255) DEFAULT NULL,
  `abt_ban` varchar(255) DEFAULT NULL,
  `abt_img` varchar(255) DEFAULT NULL,
  `abt_type` varchar(255) DEFAULT NULL
) ENGINE=MyISAM DEFAULT CHARSET=utf8;

--
-- Dumping data for table `su_about`
--

INSERT INTO `su_about` (`abt_id`, `abt_title`, `abt_des`, `abt_ban`, `abt_img`, `abt_type`) VALUES
(3, 'Our History', '<b> <u>  Beginning </u> </b> <br/><br/>\r\nIn the year 2000 when the world was moving towards a new millennium, South Asian Education Promotional Network was looking for a leader who could lead an innovative team to teach the lahorities the basics of person', '../../Images/Banner/aboutusnbanner.jpg', '../../Images/our_history.jpg', 'History'),
(6, 'Chief Minister&#39;s Message', 'This truly is self evident today that the progress of our country and development of our country rests with higher education standards that are compatible with the international academic standards. Superior Group of Colleges has impressed with its grand m', '../Images/Banner/dancing.jpg', '../../Images/cm.jpg', 'CM'),
(7, 'Chairman&#39;s Message', '', '../../Images/Banner/aboutusnbanner.jpg', '../../Images/chairman.jpg', 'Chairmans'),
(8, 'Chartered By The Govt of Punjab', 'Getting charter by Government of the Punjab as degree awarding institute in four faculties is a badge of distinction and unique honor for Superior College. Several other institutions applied for the same status but are struggling since long to get this ra', '../Images/Banner/dancing.jpg', '../../Images/hec.jpg', 'Charter'),
(10, 'Affiliations and Collaborations', 'To make education qualitative we have got academic affiliations with universities and colleges at home and abroad.\r\n<br/><br/>\r\nSuperior Group of Colleges has taken another initiative by exploring new horizons and joining hands with the top universities o', '../Images/Banner/dancing.jpg', '../../Images/collaboration.jpg', 'Affiliations'),
(14, 'Board of Advisors', '&#60;b&#62;Prof. Dr. Zafar Iqbal&#60;&#47;b&#62;&#60;br&#62;\r\nEx-Chairman, Affiliation Committee,&#60;br&#62;\r\nPunjab University, Lahore.&#60;br&#62;\r\nRegistrar, University of Health Sciences, Lahore.&#60;br&#62;&#60;br&#62;\r\n\r\n&#60;b&#62;Prof. Dr. Ehsan ', '../../Images/Banner/aboutusnbanner.jpg', '../../Images/boa.jpg', 'Advisors'),
(16, 'Superior', 'Coming Soon', '../Images/Banner/dancing.jpg', '../Images/Banner/dancing.jpg', 'Superior'),
(24, 'Daily Nai Baat', 'Daily “Nai Baat” is  an inspiration to rebuild Pakistan.  It’s the personification of our patriotic  spirit to serve the nation.&#60;br&#62;&#60;br&#62;  &#60;b&#62;The Moving Spirit&#60;&#47;b&#62;&#60;br&#62;&#60;br&#62;  Nai Baat is publishing from Lah', '../../Images/Banner/boomfmbanner.jpg', '../../Images/nai-baat.png', 'Daily Nai Baat'),
(28, 'Boom FM', 'BooM FM is a nonprofit Campus Radio of the ‘Superior University’ which cater the knowledge thirst of thousands of students of Pakistan. That’s why Chairman of the Superior Group, Professor Dr Chaudhary Abdul Rehman has declared the ‘BooM FM’ as a ‘Voice o', '../../Images/Banner/boomfmbanner.jpg', '../../Images/boom-fm.png', ' BoomFM'),
(32, 'The Superior Solutions (TSS)', 'The Superior Solutions remain focused on Open Source technologies as well as Microsoft & IBM areas. We endeavor to build websites, ERP Modules, web portals and provide IT Business Solutions with technology that is beneficial to our clients.  &#60;br&#62;&', '../../Images/Banner/tssbanner.jpg', NULL, 'SuperiorSolution'),
(33, 'Support Business', 'Coming SOon', '../../Images/Banner/url.jpg', '../Images/Banner/dancing.jpg', 'SupportBusiness'),
(34, 'Superior School Systems', 'Being the fastest growing Educational Group of Pakistan, we have decided to extend our educational expertise at School Level introducing franchises of two school systems: Superior Grammar School and The Spirit School.  &#60;br&#62;&#60;br&#62;  This contr', '../../Images/Banner/f_banner.jpg', '../../Images/f_3.jpg', 'School'),
(35, 'Superior Group of Colleges', 'Lahore is known as Pakistan&#39;s education capital, with more colleges and universities than any other city in the country. Most of the reputable universities are public, but in recent years there has also been an upsurge in the number of private univers', '../../Images/Banner/SGC.JPG', '../../Images/groupofcollg.jpg', 'Colleges'),
(36, NULL, 'In the year 2000, when the world was moving towards a new millennium, South Asian Educational Promotion Network (SAEPN) established Superior Group of Colleges under the young, dynamic, enthusiastic and passionate leadership of Prof. Dr. Ch. Abdul Rehman a', '../../Images/Banner/aboutusnbanner.jpg', '../../Images/join_logo.jpg', 'University'),
(39, 'Azra Naheed Medial College (ANMC)', 'ANMC has been established at Main Raiwind Road at 17-KM from Thokar NiazBaig Lahore and is at 15-minutes drive from Shaukat Khanum Cancer Research Hospital. The area is developing very fast and very near future it will be hub of Medical Education.  &#60;b', '../../Images/Banner/anmcaboutbanner.jpg', '''../../Images/anmcdetails.jpg', 'Medical College'),
(40, 'Ch Muhammad Akram Teaching &#39;s Research Hospital', 'Chaudhry Muhammad Akram Teaching & Research Hospital aims to provide the state of the art medical facilities to the poor patients of the area. It will give an excellent platform to our medical graduates, pharmacists and physiotherapists for clinical train', '../../Images/Banner/M.Sc_Medical_Ultrasound.jpg', '../../Images/researchhospital.jpg', 'Research Hospital'),
(41, 'Corperate Social Responsiblity', 'Falling in line with the mission of Facilitating Superior  human beings, the students, faculty & management of  Superior University used to act spontaneously to cope with  the disasters of natural calamities as its foremost social  responsibility. The sam', '''../../Images/Banner/insafbanner.png', '''../../Images/insafimage.png', 'Social Responsiblity'),
(42, 'BREEO', 'BREEO is acknowledged by successful professionals committed to use their knowledge and experience to deliver excellent results in designing and managing education&#47;career paths for students. Our strongly student centered approach to counseling means, w', '../../Images/Banner/Breeo.JPG', '../../Images/breeo_logo_high_res-01.jpg', 'BREEO');

-- --------------------------------------------------------

--
-- Table structure for table `su_addebooks`
--

CREATE TABLE IF NOT EXISTS `su_addebooks` (
  `ebooks_id` int(11) unsigned NOT NULL,
  `ebooks_title` varchar(255) NOT NULL,
  `ebooks_author` varchar(255) NOT NULL,
  `ebooks_publisher` varchar(255) NOT NULL,
  `ebooks_edition` varchar(255) NOT NULL,
  `ebooks_pdf` varchar(255) NOT NULL,
  `ebookcategory_id` int(11) unsigned NOT NULL,
  PRIMARY KEY (`ebooks_id`)
) ENGINE=MyISAM DEFAULT CHARSET=utf8;

--
-- Dumping data for table `su_addebooks`
--

INSERT INTO `su_addebooks` (`ebooks_id`, `ebooks_title`, `ebooks_author`, `ebooks_publisher`, `ebooks_edition`, `ebooks_pdf`, `ebookcategory_id`) VALUES
(2, 'Advance Algebra', 'Ali', 'Hassan Publisher', '4th', '../../eBooks/Advanced Algebra.pdf', 3),
(3, 'Ahmad', 'Gul Hameed', 'Hassan Publisher', '2nd', '../../eBooks/Calendrical Calculations.pdf', 3);

-- --------------------------------------------------------

--
-- Table structure for table `su_adetails`
--

CREATE TABLE IF NOT EXISTS `su_adetails` (
  `ad_did` int(11) unsigned NOT NULL,
  `ad_asm` varchar(255) NOT NULL,
  `ad_apth` varchar(255) NOT NULL,
  PRIMARY KEY (`ad_did`)
) ENGINE=MyISAM DEFAULT CHARSET=utf8;

--
-- Dumping data for table `su_adetails`
--


-- --------------------------------------------------------

--
-- Table structure for table `su_admsch`
--

CREATE TABLE IF NOT EXISTS `su_admsch` (
  `admsch_id` int(11) unsigned NOT NULL,
  `admsch_heading` varchar(255) NOT NULL,
  `admsch_activity` varchar(255) NOT NULL,
  `admsch_date` varchar(255) NOT NULL,
  PRIMARY KEY (`admsch_id`)
) ENGINE=MyISAM DEFAULT CHARSET=utf8;

--
-- Dumping data for table `su_admsch`
--

INSERT INTO `su_admsch` (`admsch_id`, `admsch_heading`, `admsch_activity`, `admsch_date`) VALUES
(65, 'Semester Admissions (Spring 2014)', 'Admissions Opening', 'Starting From January, 2014');

-- --------------------------------------------------------

--
-- Table structure for table `su_alumniboard`
--

CREATE TABLE IF NOT EXISTS `su_alumniboard` (
  `ab_id` int(11) unsigned NOT NULL,
  `ab_name` varchar(255) NOT NULL,
  `ab_designation` varchar(255) NOT NULL,
  PRIMARY KEY (`ab_id`)
) ENGINE=MyISAM DEFAULT CHARSET=utf8;

--
-- Dumping data for table `su_alumniboard`
--

INSERT INTO `su_alumniboard` (`ab_id`, `ab_name`, `ab_designation`) VALUES
(7, 'Ch Abdul Rehman', 'Patron'),
(8, 'Hasham Mahboob Lodhi', 'President'),
(9, 'Shujaat Mahmood Qazi', 'Senior Vice President'),
(10, 'Asim Amjad', 'Vice President (MBA Program)'),
(11, 'Zubair Yousaf', 'Vice President (BBA Program)'),
(12, 'Muhammad Inrahim Khan', 'Vice President (BCS Program)'),
(13, 'Bilal Azam', 'Vice President (MCS Program)'),
(14, 'Sohail Sharif Ch', 'Vice President (Law Program)'),
(15, 'Tahir Khurshid ', 'Vice President (M.Phill Program)'),
(16, 'Hussain Qaisar', 'Vice President (Economics Program)'),
(17, 'Arshad Butt', 'General Secretary'),
(18, 'Mona Bashir', 'Secretary Press & Publications'),
(19, 'Nisar Ali', 'Vice President (Commerce Programs)'),
(20, 'Usman Khan', 'Vice President (Aviation)'),
(21, 'Asif Shahzad', 'Vice President (Mass Communication Programs)'),
(22, 'Asif Aziz Khan', 'Manager Alumni Relations');

-- --------------------------------------------------------

--
-- Table structure for table `su_alumniinfo`
--

CREATE TABLE IF NOT EXISTS `su_alumniinfo` (
  `alumni_id` int(11) unsigned NOT NULL,
  `alumni_name` varchar(255) NOT NULL,
  `alumni_fthrname` varchar(255) NOT NULL,
  `alumni_adres` text,
  `alumni_mob` varchar(255) DEFAULT NULL,
  `alumni_telphn` varchar(255) DEFAULT NULL,
  `alumni_email` varchar(255) DEFAULT NULL,
  `alumni_gender` varchar(255) NOT NULL,
  `alumni_dob` varchar(255) DEFAULT NULL,
  `alumni_orgnz` varchar(255) DEFAULT NULL,
  `alumni_desgntion` varchar(255) DEFAULT NULL,
  `alumni_ofcadress` varchar(255) DEFAULT NULL,
  `alumni_ofctel` varchar(255) DEFAULT NULL,
  `alumni_ofcspclztion` varchar(255) DEFAULT NULL,
  `alumni_program` varchar(255) DEFAULT NULL,
  `alumni_spclaera` varchar(255) DEFAULT NULL,
  `alumni_rolnum` varchar(255) DEFAULT NULL,
  `alumni_endingyear` varchar(255) DEFAULT NULL,
  `alumni_session` varchar(255) NOT NULL,
  PRIMARY KEY (`alumni_id`)
) ENGINE=MyISAM DEFAULT CHARSET=utf8;

--
-- Dumping data for table `su_alumniinfo`
--

INSERT INTO `su_alumniinfo` (`alumni_id`, `alumni_name`, `alumni_fthrname`, `alumni_adres`, `alumni_mob`, `alumni_telphn`, `alumni_email`, `alumni_gender`, `alumni_dob`, `alumni_orgnz`, `alumni_desgntion`, `alumni_ofcadress`, `alumni_ofctel`, `alumni_ofcspclztion`, `alumni_program`, `alumni_spclaera`, `alumni_rolnum`, `alumni_endingyear`, `alumni_session`) VALUES
(2, 'Muhammad Bin Aslam', 'Muhammad Aslam', 'House#180-M Block Sabzazar Scheme Multan Road, Lahore', '+92-331-5102660', NULL, 'momi_246@yahoo.com', 'Male', '24-07-1992', NULL, NULL, NULL, NULL, NULL, 'Fsc (Pre-Eng) and BBA (HONS.)', NULL, '106-44 and 132-83', '2011', 'Spring'),
(6, 'hirafarrukh', 'farrukh zia', '8/4 bait ul raza colony strret 1 near yateem khana chownk', '03324415414', NULL, 'hirafarrukh25@gmail.com', 'Female', '25 june 1990', NULL, NULL, NULL, NULL, NULL, 'mba professional', 'Human Resource', '12222', '2013', 'Spring'),
(7, 'Ashar Mehmood', 'Muhammad Younas Aziz', 'H#20/9 St#5 Mansoor Street Califton Colony Wahdat Road Lahore', '03238860101', '04237814570', 'asharrajpoot', 'Male', '24-08-1984', 'Fatima Memorial Hospital', 'System Support Engineer', 'Shadman Lahore', NULL, NULL, 'MIT', 'Networks', '9204', '2010', 'Fall'),
(8, 'FARHAT NAZIR', 'NAZIR AHMED', '1-A, JOHAR TOWN , LAHORE', '03018448443', '35298000', 'FARHAT@EXPOLAHORE.COM', 'Female', '26 JANUARY, 1982', 'LAHORE INTERNATIONAL EXPO CENTRE', 'BUSINESS DEVELOPMENT & SALES MANAGER', '1-A , JOHAR TOWN, LAHORE.', '111092042', NULL, 'MBA', 'MARKETING & FINANCE', '8201', '2010', 'Evening'),
(9, 'Ronica Wilbon Wilson', 'Wilbon Saleem', 'house no. 204, 57-s-block, Model town, Lahore.', '03224836322', '04235847629', 'romawilbon@yahoo.com', 'Female', '02-sep-1994', NULL, NULL, NULL, NULL, NULL, 'F.Sc pre-medical', 'Co-ordinator, Debator, Singer, Host, Event organizer.', '12303', '2013', 'Fall'),
(11, 'Waqas A. Khan', 'Manzoor A. Khan', 'Hazara Road, Changa Manga, Tehsil Chunian, District Kasur.', '0300-9119770', '049-4381071-2', 'WACAS.KHAN@GMAIL.COM', 'Male', '27-10-1982', 'Competent Books Pvt. Ltd.', 'Executive Director', 'Hazara Road, Changa Manga, Tehsil Chunian, District Kasur.', '049-4381071-2', 'General Secretary, National Education Council, Pakistan', 'MS/MPhil', 'Quality Management', 'MS-QA-9101', '2012', 'Fall'),
(12, 'Awais Ahmad', 'Malik Naseer Ud Din', '151 Naisra Abad East Rabwah Chenab Nagar Dist Chiniot ', '0333-7878108', '047-6213530', 'amalikawais123@hotmail.com', 'Male', '25/07/1988', 'Standard Chartered Bank', 'Personal Finicail Consultant', 'Standard Chartered Bank Rabwah.', '047-6213530', 'Top Performer in Pan Pakistan in 2011', 'MBA', 'Marketing', 'MBP 9525', '2010', 'Spring'),
(13, 'Muhammad Nasir Waheed', 'Abdul Waheed', 'flat # 1113, Al-Maya Building,Near Najmat Peshawer Hotel, Al-Nahda Sharjah, UAE', '00971-55-2482983', NULL, 'nasirwaheed@yahoo.com', 'Male', '19 August,1982', 'The Gulf Today (Newspaper)', 'Sales Manager (Classifieds)', 'Al-Khan, Sharjah, UAE', '00971-65777888', '6 Time Man of the Month Award', 'Msc', 'Economics', '137', '2005', 'Fall'),
(16, 'Muhammad Babar Hanif', 'Muhammad Hanif ', 'H # 310 st 04 Azhar Town Nera Nister Colony Ferozepur road lahore.', '03334159485', NULL, 'babar9485@gmail.com', 'Male', '29-11-1992', 'Interlook Communication ', 'Assistant Marketing Manager', '1st  95 upper city shoes abid market qainchi main ferozepur road lahore', '04235919519', NULL, 'M.com', 'banking & commerce ', 'MCE 13104', '2014', 'Spring'),
(17, 'WAQAS MEHMOOD NIZAMI', 'MUHAMMAD SHARIF NIZAMI', '26-A REHMAN PURA LAHORE', '03344150169', '04237553123', 'waqasnizami85@gmail.com', 'Male', '19-01-1985', 'ALLAH DIN GROUP OF COMPANIES', 'ACCOUNTS OFFICER', NULL, NULL, NULL, 'M.COM', 'ACCOUNTING&FINANCE', 'MC-9243', '2011', 'Spring'),
(18, 'Muhammad Azeem Naseer', 'Naseer Ahmad', 'House # P.551,Street # 8,Mansoorabad,Faisalabad', '0300-7606501', '041-8727690', 'zimi_56@hotmail.com', 'Male', '22-10-1982', 'GM College Faisalabad', 'HOD Commerce Department', 'GM College Gulshane-madiba faisalabad', NULL, 'author of 5 Research Paper ', 'M-Phil', 'Commerce and Finance', '10105', '2011', 'Fall'),
(19, 'Sajid Ali', 'Muhammad Boota', 'st 11 hs 80 bostan colony qanchi lajore', '03314431320', NULL, 'sajid_ali9086@yahoo.com', 'Male', '04/04/1988', NULL, NULL, NULL, NULL, NULL, 'B.com (Hons)', 'Banking and Finance', '8309', '2012', 'Fall'),
(20, 'Meedecymn', 'Meedecymn', 're <a href="http://skin120.com/templets/original-prada-bags-saled.html">prada france</a> qb <a href="http://skin120.com/templets/original-prada-bags-saled.html">www.whoisbardi.com</a> rs <a href="http://skin120.com/templets/original-prada-bags-saled.html">prada france</a> ai <a href="http://www.seostu.cn/engs/louis-vuitton-handles-leather014.html">louis vuitton store south africa</a> ul <a href="http://www.seostu.cn/engs/louis-vuitton-handles-leather014.html">http://www.magic-hc.com</a> nl <a href="http://www.seostu.cn/engs/louis-vuitton-handles-leather014.html">louis vuitton store south africa</a> vm <a href="http://www.eiveilady.com/moudle/louis-vuitton-monogram-christopher-backpackc.html">louis vuitton vernis</a> hw <a href="http://www.eiveilady.com/moudle/louis-vuitton-monogram-christopher-backpackc.html">http://www.almabb-shop2.com</a> tr <a href="http://www.eiveilady.com/moudle/louis-vuitton-monogram-christopher-backpackc.html">louis vuitton vernis</a> xk <a href="http://www.lttfchat.com/membery/louis-vuitton-handbags-india-pricese.html">louis vuitton duffle bag</a> mi <a href="http://www.lttfchat.com/membery/louis-vuitton-handbags-india-pricese.html">http://www.dufflebag-storeonline2.com</a> vi <a href="http://www.lttfchat.com/membery/louis-vuitton-handbags-india-pricese.html">louis vuitton duffle bag</a> ng <a href="http://qpjy888.com/include/replica-lv-loafers74.html">louis vuitton delightful</a> nc <a href="http://qpjy888.com/include/replica-lv-loafers74.html">http://www.delightful-storeonline2.com</a> fx <a href="http://qpjy888.com/include/replica-lv-loafers74.html">louis vuitton delightful</a> fo <a href="http://www.btsdsyy.com.cn/fendi-hong-kong273.html">buy fendi online</a> jn <a href="http://www.btsdsyy.com.cn/fendi-hong-kong273.html">http://buyfendi-online.org</a> mq <a href="http://www.btsdsyy.com.cn/fendi-hong-kong273.html">buy fendi online</a> na <a href="http://zhonghuameiwang.com/engs/coach-usa-outlet-factory011.html">coach bags clearance</a> bb <a href="http://zhonghuameiwang.com/engs/coach-usa-outlet-factory011.html">www.92lunhua.com</a> ok <a href="http://zhonghuameiwang.com/engs/coach-usa-outlet-factory011.html">coach bags clearance</a> eg <a href="http://www.xgdml.com/engs/handbaglongchampdimalaysia.html">longchamp hong kong</a> qw <a href="http://www.xgdml.com/engs/handbaglongchampdimalaysia.html">http://www.blogdojua.com</a> rv <a href="http://www.xgdml.com/engs/handbaglongchampdimalaysia.html">longchamp hong kong</a> ab <a href="http://www.cgc-carbon.com/plugin/artsyvuittonr.html">louis vuitton greece</a> kj <a href="http://www.cgc-carbon.com/plugin/artsyvuittonr.html">www.greece-storeonline2.com</a> xh <a href="http://www.cgc-carbon.com/plugin/artsyvuittonr.html">louis vuitton greece</a> qs <a href="http://www.cmccx.cn/moudle/designer-replica-handbags-offering-louis-vuitton64.html">louis vuitton duffle bag for men</a> zm <a href="http://www.cmccx.cn/moudle/designer-replica-handbags-offering-louis-vuitton64.html">http://www.dufflebag-storeonline2.com</a> zc <a href="http://www.cmccx.cn/moudle/designer-replica-handbags-offering-louis-vuitton64.html">louis vuitton duffle bag for men</a> za <a href="http://www.bobomx.com/engs/pradaruffletoteq.html">prada bags</a> fg <a href="http://www.bobomx.com/engs/pradaruffletoteq.html">www.zeindzine.com</a> gw <a href="http://www.bobomx.com/engs/pradaruffletoteq.html">prada bags</a> ty <a href="http://www.eatqj.com/membery/christianlouboutinheelswholesale.html">sapatos louboutin</a> fn <a href="http://www.eatqj.com/membery/christianlouboutinheelswholesale.html">http://sapatoschristianlouboutinbrasil.com</a> eb <a href="http://www.eatqj.com/membery/christianlouboutinheelswholesale.html">sapatos louboutin</a> ef <a href="http://www.boyword.com/data/louis-vuitton-murakami-posterm.html">louis vuitton messenger bag</a> ht <a href="http://www.boyword.com/data/louis-vuitton-murakami-posterm.html">www.messengerbag-outletstore2.com</a> sh <a href="http://www.boyword.com/data/louis-vuitton-murakami-posterm.html">louis vuitton messenger bag</a> nl <a href="http://www.eastpaimai.com/louis-vuitton-online-clothing-storec.html">lv neverfull</a> sj <a href="http://www.eastpaimai.com/louis-vuitton-online-clothing-storec.html">http://www.neverfull-shop3.com</a> wv <a href="http://www.eastpaimai.com/louis-vuitton-online-clothing-storec.html">lv neverfull</a> kz <a href="http://www.neuvo-life.com/european-coach-trips-from-essex344.html">coach singapore</a> rq <a href="http://www.neuvo-life.com/european-coach-trips-from-essex344.html">http://www.bestmn.org</a> dm <a href="http://www.neuvo-life.com/european-coach-trips-from-essex344.html">coach singapore</a> bk <a href="http://www.goufriend.com/membery/louisvuittonpricejohannesburgi.html">louis vuitton shop</a> de <a href="http://www.goufriend.com/membery/louisvuittonpricejohannesburgi.html">www.shoplouisvvuitton.com</a> sc <a href="http://www.goufriend.com/membery/louisvuittonpricejohannesburgi.html">louis vuitton shop</a> bm <a href="http://www.eastpaimai.com/louispbuckymdn.html">cheap louis vuitton handbags</a> vk <a href="http://www.eastpaimai.com/louispbuckymdn.html">http://ctaidsbiketour.org</a> ba <a href="http://www.eastpaimai.com/louispbuckymdn.html">cheap louis vuitton handbags</a> gk <a href="http://www.hntyj.net/include/alfa-coach-holidays-2011613.html">coach bags clearance</a> mr <a href="http://www.hntyj.net/include/alfa-coach-holidays-2011613.html">www.92lunhua.com</a> gu <a href="http://www.hntyj.net/include/alfa-coach-holidays-2011613.html">coach bags clearance</a> kb <a href="http://www.quanle168.com/engs/prada-shoes-searchd.html">prada france</a> cv <a href="http://www.quanle168.com/engs/prada-shoes-searchd.html">http://www.whoisbardi.com</a> ae <a href="http://www.quanle168.com/engs/prada-shoes-searchd.html">prada france</a> ok <a href="http://www.dzjx.net.cn/membery/louis-vuitton-online-store-canada89.html">louis vuitton designer handbags</a> hq <a href="http://www.dzjx.net.cn/membery/louis-vuitton-online-store-canada89.html">http://www.designer-storeonline2.com</a> ly <a href="http://www.dzjx.net.cn/membery/louis-vuitton-online-store-canada89.html">louis vuitton designer handbags</a> cg <a href="http://www.mlgirl.com/pluses/longchamp-large-tote-sale.html">longchamp bags singapore</a> en <a href="http://www.mlgirl.com/pluses/longchamp-large-tote-sale.html">http://www.clinicalmeetings.com</a> ub <a href="http://www.mlgirl.com/pluses/longchamp-large-tote-sale.html">longchamp bags singapore</a> gh <a href="http://www.hkkl.com/Other/monogramidyllefantaisiet.html">louis vuitton greece</a> kr <a href="http://www.hkkl.com/Other/monogramidyllefantaisiet.html">http://www.greece-storeonline2.com</a> su <a href="http://www.hkkl.com/Other/monogramidyllefantaisiet.html">louis vuitton greece</a> co <a href="http://keyswy.com/prada-10021-blackm.html">prada messenger bag nylon</a> jg <a href="http://keyswy.com/prada-10021-blackm.html">http://prada-messengerbag.org</a> it <a href="http://keyswy.com/prada-10021-blackm.html">prada messenger bag nylon</a> no <a href="http://www.n13b.com/lv-travel-luggage88.html">lv iphone 4 case</a> ry <a href="http://www.n13b.com/lv-travel-luggage88.html">http://www.iphone4case-storeonline2.com</a> iy <a href="http://www.n13b.com/lv-travel-luggage88.html">lv iphone 4 case</a> lk <a href="http://www.aini365.cn/include/longchampbagslepliagejohnlewis.html">longchamp singapore</a> nh <a href="http://www.aini365.cn/include/longchampbagslepliagejohnlewis.html">http://www.clinicalmeetings.com</a> kf <a href="http://www.aini365.cn/include/longchampbagslepliagejohnlewis.html">longchamp singapore</a> ya <a href="http://www.91227.cn/membery/louis-vuitton-odeon-gm-bags.html">louis vuitton barcelona</a> iw <a href="http://www.91227.cn/membery/louis-vuitton-odeon-gm-bags.html">http://www.barcelona-store2.com</a> iu <a href="http://www.91227.cn/membery/louis-vuitton-odeon-gm-bags.html">louis vuitton barcelona</a> ar <a href="http://www.bainian315.com/moudle/coach-totes-on-sale121.html">coach singapore</a> wn <a href="http://www.bainian315.com/moudle/coach-totes-on-sale121.html">www.bestmn.org</a> yi <a href="http://www.bainian315.com/moudle/coach-totes-on-sale121.html">coach singapore</a> fm <a href="http://www.haoyunn.com/moudle/louisvuittonmonogrammulticoloreinsolites.html">louis vuitton key pouch</a> sl <a href="http://www.haoyunn.com/moudle/louisvuittonmonogrammulticoloreinsolites.html">http://www.coinpouch-storeonline2.com</a> jp <a href="http://www.haoyunn.com/moudle/louisvuittonmonogrammulticoloreinsolites.html">louis vuitton key pouch</a> wd <a href="http://www.chinaganbing.com/moudle/pradaiilgreviewsj.html">prada men wallets</a> qs <a href="http://www.chinaganbing.com/moudle/pradaiilgreviewsj.html">http://prada-menwallet.org</a> pz <a href="http://www.chinaganbing.com/moudle/pradaiilgreviewsj.html">prada men wallets</a> ny <a href="http://www.keen-dept.com/louisvuittonmonogramleathertotej.html">lv neverfull</a> mz <a href="http://www.keen-dept.com/louisvuittonmonogramleathertotej.html">www.neverfull-shop3.com</a> mk <a href="http://www.keen-dept.com/louisvuittonmonogramleathertotej.html">lv neverfull</a> zj <a href="http://hibreeze.com/louisvuittondamiermyspacelayoutso.html">louis vuitton vernis</a> fk <a href="http://hibreeze.com/louisvuittondamiermyspacelayoutso.html">http://www.almabb-shop2.com</a> pt <a href="http://hibreeze.com/louisvuittondamiermyspacelayoutso.html">louis vuitton vernis</a> cx <a href="http://www.9marry.cn/pluses/black-louis-vuitton-handbagsh.html">louis vuitton sneakers</a> nm <a href="http://www.9marry.cn/pluses/black-louis-vuitton-handbagsh.html">www.sneakers-onlinestore3.com</a> qt <a href="http://www.9marry.cn/pluses/black-louis-vuitton-handbagsh.html">louis vuitton sneakers</a> vr <a href="http://www.ggmmw.com/membery/prada-store-couponi.html">prada clutches</a> uu <a href="http://www.ggmmw.com/membery/prada-store-couponi.html">http://prada-clutch.org</a> qj <a href="http://www.ggmmw.com/membery/prada-store-couponi.html">prada clutches</a> kz <a href="http://27.54.242.31/include/pradashoesformenatdiscounte.html">prada australia</a> yt <a href="http://27.54.242.31/include/pradashoesformenatdiscounte.html">http://pradaaaustralia.org</a> iw <a href="http://27.54.242.31/include/pradashoesformenatdiscounte.html">prada australia</a> mv <a href="http://www.gongfu100.com/templets/hard-coach-iphone-cases117.html">coach bags singapore</a> rg <a href="http://www.gongfu100.com/templets/hard-coach-iphone-cases117.html">http://www.bestmn.org</a> ng <a href="http://www.gongfu100.com/templets/hard-coach-iphone-cases117.html">coach bags singapore</a> bu <a href="http://www.houdetax.cn/engs/pradamultihandbagj.html">prada sneakers</a> ms <a href="http://www.houdetax.cn/engs/pradamultihandbagj.html">http://prada-sneakersformen.org</a> yq <a href="http://www.houdetax.cn/engs/pradamultihandbagj.html">prada sneakers</a> pk <a href="http://www.xedy.net/membery/pradasaffianotessutoburgundytoted.html">sac prada </a> yx <a href="http://www.xedy.net/membery/pradasaffianotessutoburgundytoted.html">http://www.whoisbardi.com</a> nm <a href="http://www.xedy.net/membery/pradasaffianotessutoburgundytoted.html">sac prada </a> hc <a href="http://www.anyangseo.net/include/prada-gym-bag-blacko.html">sac prada </a> as <a href="http://www.anyangseo.net/include/prada-gym-bag-blacko.html">http://www.whoisbardi.com</a> vg <a href="http://www.anyangseo.net/include/prada-gym-bag-blacko.html">sac prada </a> ri <a href="http://www.7sfk.com/authentic-prada-shoes-menl.html">prada clutch</a> ol <a href="http://www.7sfk.com/authentic-prada-shoes-menl.html">prada-clutch.org</a> kg <a href="http://www.7sfk.com/authentic-prada-shoes-menl.html">prada clutch</a> pv <a href="http://en.bfsu.edu.cn/data/louisgreigjpmorganr.html">louis vuitton iphone case</a> lo <a href="http://en.bfsu.edu.cn/data/louisgreigjpmorganr.html">http://www.iphone4case-storeonline2.com</a> jj <a href="http://en.bfsu.edu.cn/data/louisgreigjpmorganr.html">louis vuitton iphone case</a> ns <a href="http://www.lajtzyy.com/templets/prada-devil-wears-prada-handbagl.html">prada france</a> ru <a href="http://www.lajtzyy.com/templets/prada-devil-wears-prada-handbagl.html">www.whoisbardi.com</a> fu <a href="http://www.lajtzyy.com/templets/prada-devil-wears-prada-handbagl.html">prada france</a> zd <a href="http://www.ipadrj.com/engs/louisvuittonblackgoldt.html">cheap louis vuitton</a> cx <a href="http://www.ipadrj.com/engs/louisvuittonblackgoldt.html">http://ctaidsbiketour.org</a> xw <a href="http://www.ipadrj.com/engs/louisvuittonblackgoldt.html">cheap louis vuitton</a> pe <a href="http://www.winapk.com/data/discount-louis-vuitton-sunglassess.html">lv epi</a> sn <a href="http://www.winapk.com/data/discount-louis-vuitton-sunglassess.html">http://www.epileather-storeonline2.com</a> lu <a href="http://www.winapk.com/data/discount-louis-vuitton-sunglassess.html">lv epi</a> rz <a href="http://www.zjtt.org/prada-mens-black-leather-zippered-ankle-bootsc.html">prada diaper bag</a> ow <a href="http://www.zjtt.org/prada-mens-black-leather-zippered-ankle-bootsc.html">http://prada-diaperbag.org</a> hg <a href="http://www.zjtt.org/prada-mens-black-leather-zippered-ankle-bootsc.html">prada diaper bag</a> ht <a href="http://www.starhousecoffee.com.cn/include/louis-vuitton-womens-briefcase88.html">lv neverfull mm</a> tv <a href="http://www.starhousecoffee.com.cn/include/louis-vuitton-womens-briefcase88.html">http://www.neverfull-shop3.com</a> kx <a href="http://www.starhousecoffee.com.cn/include/louis-vuitton-womens-briefcase88.html">lv neverfull mm</a> zn <a href="http://www.laojiamen.com/include/michael-kors-sample-sale027.html">michael kors australia</a> cm <a href="http://www.laojiamen.com/include/michael-kors-sample-sale027.html">www.dragontalkradio.com</a> tp <a href="http://www.laojiamen.com/include/michael-kors-sample-sale027.html">michael kors australia</a> kb <a href="http://www.zcbgw.com/prada-boston-saleq.html">prada hong kong</a> wa <a href="http://www.zcbgw.com/prada-boston-saleq.html">http://www.sunnysidearts.com</a> hl <a href="http://www.zcbgw.com/prada-boston-saleq.html">prada hong kong</a> yy <a href="http://www.dahuajia.cc/asks/lvconfidentialp.html">louis vuitton shoes</a> ju <a href="http://www.dahuajia.cc/asks/lvconfidentialp.html">http://www.shoes-shop2.com</a> pu <a href="http://www.dahuajia.cc/asks/lvconfidentialp.html">louis vuitton shoes</a> ld <a href="http://www.bysuv.com/include/lv-nyck.html">replica louis vuitton</a> pz <a href="http://www.bysuv.com/include/lv-nyck.html">ctaidsbiketour.org</a> py <a href="http://www.bysuv.com/include/lv-nyck.html">replica louis vuitton</a> et <a href="http://www.yitengit.com/moudle/michael-kors-sunglasses-clearancee8.html">michael kors australia</a> hg <a href="http://www.yitengit.com/moudle/michael-kors-sunglasses-clearancee8.html">http://www.dragontalkradio.com</a> ja <a href="http://www.yitengit.com/moudle/michael-kors-sunglasses-clearancee8.html">michael kors australia</a> ', NULL, NULL, 'vrqrjflilykir@gmail.com', 'Male', NULL, 'Meedecymn', NULL, NULL, NULL, NULL, NULL, NULL, NULL, NULL, 'Fall'),
(21, 'Arooj Tahir', 'Tahir Mahmood', NULL, '03444756667', NULL, 'aroojtahir58@yahoo.com', 'Female', '7/8/1989', 'Pakistan telecommunication company limited(PTCL)', 'Technical Support Assistant', 'Gulberg. lahore', '04235753818', 'Monthly incentive winner', 'BS Telecommunication', 'Telecommunication', '8264', '2011', 'Spring'),
(22, 'ZAHEER UD DIN BABAR', 'MALIK MUHAMMAD AMIR AWAN', 'DUBAI', '00971506963117', NULL, 'zaaheer@gmail.com', 'Male', 'March 1984', 'National Food Products Company', 'HR Manager', 'Dubai', NULL, NULL, 'MBA', 'HR & Marketing', '139', '2005', 'Evening'),
(23, 'ndfhveav', 'ikwnkxuq', '1', '1', '555-666-0606', 'sample@email.tst', 'Male', '1', 'wepjrjft', '1', '1', '555-666-0606', '1', '1', '1', '1', '01/01/1967', 'Fall'),
(24, 'mkcjguvf', 'fvslukhq', '1', '1', '555-666-0606', 'sample@email.tst', 'Female', '1', 'debaynod', '1', '1', '555-666-0606', '1', '1', '1', '1', '01/01/1967', 'Fall'),
(25, 'yasmeen nazir', 'Nazir Ahmad', 'GULBERG-III, LAHORE,', '0343-7069553', NULL, 'yasmeen_nazir87@yahoo.com', 'Female', '31-07-1987', 'Pearl Shipping and Aviation pvt ltd', 'Accounts Manager', 'Suit#5, 3rd floor,Al-Hafeez Suites,69-B-II,Gulberg-III, Lahore, Pakistan', '042-35754661', NULL, 'MBA (Professional)', 'Management Sciences', '11321', '2012', 'Spring'),
(26, 'raza Mahmood', 'ch.mahmood ahmad', 'House # 118,B1,Johar Town, Lahore', '+923213000911', '04235173151', 'raza_mehmood24@yahoo.com', 'Male', '24-06-1984', 'Ceragem HealthCare Pakistan( Pvt.) Ltd.', 'Finance Manager', 'Prime Heights,Ground Floor,4 Saint Marry Park,Gulberg 111,Lahore', '+92-42-35883341', NULL, 'B.com', 'Audit & Accounts', '2230', '2003', 'Spring'),
(27, 'Imran Abbas', 'Ghulam Muhammad Khan', 'c-71, Eden villas, Raiwind Road, Lahore.', '0333 848 6664', NULL, 'imranabbas009@hotmail.com', 'Male', '4th September, 1985', 'Superior University, Lahore.', 'Lecturer', NULL, NULL, NULL, 'MBA', 'HR & Mark.', 'MBPE7175', '2008', 'Evening'),
(28, 'Muhammad Waleed Khalid', 'Khalid Mahmood', 'H#46 St#1 , Jeddah Colony Dullu Khurd Lahore', '03351588722', NULL, 'w.khan2004@hotmail.com', 'Male', '07-09-1995', NULL, NULL, NULL, NULL, NULL, 'Fsc Pre Engineering', NULL, '12524', '2013', 'Fall'),
(29, 'Attiq Ur Rehman', 'Qasim Ali', '521-A, State Life Housing Society Lahore.', '03214257582', '03214257582', 'atti876@gmail.com', 'Male', '23 September, 1987', 'SME Business Support Fund', 'Accounts Executive', '64B-D/1, Ghalib Road, Gulberg III, Lahore.', '042-99268150-53', NULL, 'Master in Business Administration', 'Fianace', 'MBPE 11033', '2011', 'Evening'),
(30, 'Aatisam Nasir Tarar', 'Altaf Hussain', 'District & Tehsil, Hafizabad.\r\nPost Office, Qadirabad Colony.\r\nVillage, Bhirri Chattha.', '03006423279', '0547550005', 'sam_tarar@yahoo.com', 'Male', '19-04-1983', NULL, NULL, NULL, NULL, NULL, 'MBA Professional', 'Marketing', 'MBPE-11560', '13th June, 2013.', 'Evening'),
(31, 'Ashar Mehmood', 'Muhammad Younas Aziz', 'H#20/9, St#5, Mansoor Street Califton Colony Wahdat Road Lahore ', '0323-8860101', '042-37814570', 'asharrajpoot@gmail.com', 'Male', '24-08-1984', 'Fatima Memorial Hospital', 'System Support Engineer', 'Shadman Lahore', '111555600 Ext. 515', NULL, 'MIT', 'Networks', 'MIT9204', '2008-2010', 'Fall'),
(32, 'Hafiz Muhammad Waqas', 'Muhammad Ilyas', 'Plot no 175-176 muslim town millta road faisalabad  ', '03016118924', '0301611892', 'hafizwaqas16@yahoo.com', 'Male', '04.10.1982', 'Magnatextile Faisalabad ', 'Manager compliance ', '3.5 KM Jaranwala Road Khrianwala Faisalabad ', '041-2424070', 'FLA Audit ', 'MBA (HR &MKT)', '(HR &MKT)', 'MPE6316', '2008', 'Spring'),
(33, 'ZAHEER UD DIN BABAR', 'MALIK MUHAMMAD AMIR AWAN', 'DUBAI', '00971506963117', NULL, 'zaaheer@gmail.com', 'Male', '06/03/1984', 'NATIONAL FOOD PRODUCTS COMPANY', 'HUMAN RESOURCES MANAGER', NULL, NULL, NULL, 'MBA', 'HR AND MARKETING', '109', '2005', 'Evening'),
(34, 'Kashif Ali Shouket', 'Shouket Ali', 'Admn D.A.O, D.G Accounts Works, 5th Floor, A.G Office, Lahore.', NULL, NULL, NULL, 'Male', '29.05.1986', 'DGAW', 'Senior Auditor', 'Admn D.A.O, D.G Accounts Works, 5th Floor, A.G Office, Lahore.', '042-9214454', NULL, 'MBA Professional', 'Finance', '9169', '2010', 'Spring'),
(35, 'Annus Masood', 'Masood Pervaiz', 'H#8 Asif Jah St#2 Karamabad Wahdat road, Lahore', '0333-4844119', NULL, 'annasmasood@gmail.com', 'Male', '23-10-1989', 'Hardees', 'Shift Manager', 'M.M Alam road branch', NULL, NULL, 'BBA (Hons.)', 'Marketing', 'BBA-10434', '22-08-2013', 'Fall'),
(36, 'Muhammad Usman', 'Muhammad Boota', '10-A Rajpoot Town, Multan Road Lahore', '03334403803', '04235971732', 'fccausman@gmail.com ', 'Male', '07 Aug 1991', 'Uzman Nabi Associates', 'Audit Officer', 'Lahore', '03008551088', NULL, 'FSc', 'Pre-Engineering', 'FE-8644', '2009', 'Spring'),
(37, 'Akhter Wahab', 'Mushtaq Ahmed', 'Apartment 2B Sadeed Plaza, C Block, Canal View Housing Society, Lahore', '0333-6327463', NULL, 'akhter.wahab@gmail.com', 'Male', '02/04/1989', 'ScrapingHub', 'Software Engineer', 'Fourth Floor The Atrium, Blackpool Retail Park Blackpool, Co. Cork, Ireland', NULL, NULL, 'B.com', NULL, '7232', '2008', 'Fall'),
(38, 'Moazam Ali', 'Rehmat Ali', 'Araein House, 25, Rasheed Street, Saadi Park, Liton Road, Lahore', '0334-4381656', NULL, 'muazam.rana@gmail.com', 'Male', '12/01/1987', 'Systems Limited Lahore', 'BPO', 'Lahore Chamber of Commerce Building Near China Chowk Lahore', NULL, NULL, 'B.com', NULL, '7208', '2008', 'Fall'),
(39, 'IRFAN HASSAN', 'ABDUL AZIZ', '2nd Floor, House # 70, Street # 2, Model Colony, Firdous Market, Gulberg 3, Lahore', '0333-4696612', NULL, 'irfann.hassan@gmail.com', 'Male', '26-02-1988', NULL, NULL, NULL, NULL, NULL, 'B.Com IT', 'Commerce', '8403', '2009', 'Fall'),
(40, 'Muhammad Mohsin Abbas', 'Faqir Zammurrad Abbas', '357/23 EE DHA Lahore', '+923008089456', NULL, 'faqir1@hotmail.com', 'Male', '23-june', 'LUMS', 'System Administrator', 'LUMS Defence Lahore', NULL, 'MCP,MCITP,MCSA 2008, MCSA 2012', 'MIT', 'IT', '9114', '2010', 'Fall'),
(41, 'tanveer latif', 'muhammad latif', 'town committee street mustafa abad lalyani tehsil and district kasur', '0322-9461262', NULL, 'alnascollege@gmail.com', 'Male', '16-08-1981', 'ALNAS COMPUTER COLLEGE', 'OWNER', 'MAIN FEROZPUR ROAD MUSTAFA ABAD LALYANI KASUR', '0322-9461262', NULL, 'M.SC ECONOMICS', 'ECONOMICS', 'ME8225', '2009', 'Fall'),
(42, 'hxpiyppw', 'hxpiyppw', '1', '1', '555-666-0606', 'sample@email.tst', 'Male', '1', 'hxpiyppw', '1', '1', '555-666-0606', '1', '1', '1', '${99342+99711}', '01/01/1967', 'Fall'),
(43, 'hxpiyppw', 'hxpiyppw', '1', '1', '555-666-0606', 'sample@email.tst', 'Female', '1', 'hxpiyppw', '1', '1', '555-666-0606', '1', '1', '1', '${100491+100406}', '01/01/1967', 'Fall'),
(44, 'hxpiyppw', 'hxpiyppw', '1', '1', '555-666-0606', 'sample@email.tst', 'Male', '1', 'hxpiyppw', '1', '1', '555-666-0606', '1', '1', '1', '${100329+99795}', '01/01/1967', 'Spring'),
(45, 'hxpiyppw', 'hxpiyppw', '1', '1', '555-666-0606', 'sample@email.tst', 'Male', '1', 'hxpiyppw', '1', '1', '555-666-0606', '1', '1', '1', '${99575+100443}', '01/01/1967', 'Evening'),
(46, 'hxpiyppw', 'hxpiyppw', '1', '1', '555-666-0606', 'sample@email.tst', 'Male', '1', 'hxpiyppw', '1', '1', '555-666-0606', '1', '1', '1', '${99886+99960}', '01/01/1967', 'Fall'),
(47, 'hxpiyppw', 'hxpiyppw', '1', '1', '555-666-0606', 'sample@email.tst', 'Male', '1', 'hxpiyppw', '1', '1', '555-666-0606', '1', '1', '1', '${99189+99856}', '01/01/1967', 'Fall'),
(48, 'hxpiyppw', 'hxpiyppw', '1', '1', '555-666-0606', 'sample@email.tst', 'Male', '1', 'hxpiyppw', '1', '1', '555-666-0606', '1', '1', '1', '${99192+99908}', '01/01/1967', 'Fall'),
(49, 'hxpiyppw', 'hxpiyppw', '1', '1', '555-666-0606', 'sample@email.tst', 'Male', '1', 'hxpiyppw', '1', '1', '555-666-0606', '1', '1', '1', '${99446+99073}', '01/01/1967', 'Fall'),
(50, 'xioytjmn', 'xioytjmn', '1', '1', '555-666-0606', 'sample@email.tst', 'Male', '1', 'xioytjmn', '1', '1', '555-666-0606', '1', '1', '1', '1&n907884=v940111', '01/01/1967', 'Fall'),
(51, 'ARSLAN ASGHAR', 'MUHAMMAD ASGHAR', 'MUHALLAH RAJPOOTA, TELIA WALA GALA, DASKAL . SIALKOT', '923342044905', '923342044905', 'asghararslan58@gmail.com', 'Male', '23/10/1992', 'SUPERIOR UNIVERSITY LAHORE', 'student', 'daska , sambrial road. sialkot', '+923342044905', 'kingma mathamatics test certified', 'bs aviation management', 'communication skills', '11407', '27/07/2014', 'Evening'),
(52, 'MUHAMMAD MATEEEN', 'MUHAMMAD SIDDIQUE', 'H#E-811,ST#23,QAINCHI AMER SADHU LAHORE', '03134743371', NULL, 'mateenhaider1@gmail.com', 'Male', '10-09-1996', NULL, NULL, NULL, NULL, NULL, 'bscs', NULL, '14241', NULL, 'Fall'),
(53, 'Hussain Mehmood', 'Asad ullAhah Mehmood', 'House# 4A/1 shadman colony near High cort multan', '03008117896', NULL, 'hmkhokhar@yahoo.com', 'Male', '14 may 1985', 'Khokhar Dairy Farm', 'Gernal manager', 'dandy wali pull budla sant Multan', NULL, NULL, 'MIT', 'Programming', '10125', '2012', 'Fall'),
(54, 'Mukaram Riaz', 'M Riaz Mughal', 'House # 307, Block # 12\r\nSector B-1, Township Lahore', '0300-8057293', NULL, 'mukaram06@gmail.com', 'Male', '02-09-1989', 'Style Textile Pvt Limited', 'Section Incharge Procurement', '126/3 Quaid-e-Azam Industrial estate Lahore', '042-35223064-5', 'Resigned in Dec-2013', 'Masters in Commerce', 'Accounting & Finance', '11364', 'Dec-2012', 'Evening');

-- --------------------------------------------------------

--
-- Table structure for table `su_alumniprofile`
--

CREATE TABLE IF NOT EXISTS `su_alumniprofile` (
  `ap_id` int(11) unsigned NOT NULL,
  `ap_name` varchar(255) NOT NULL,
  `ap_prgrm` varchar(255) NOT NULL,
  `ap_session` varchar(255) NOT NULL,
  `ap_orgniztion` varchar(255) NOT NULL,
  `ap_designation` varchar(255) NOT NULL,
  `ap_imge` varchar(255) NOT NULL,
  PRIMARY KEY (`ap_id`)
) ENGINE=MyISAM DEFAULT CHARSET=utf8;

--
-- Dumping data for table `su_alumniprofile`
--

INSERT INTO `su_alumniprofile` (`ap_id`, `ap_name`, `ap_prgrm`, `ap_session`, `ap_orgniztion`, `ap_designation`, `ap_imge`) VALUES
(5, 'Shujaat Mahmood Qazi', 'MBA', 'Evening', 'Bank Alfalah Islamic', 'Branch Manager', '../../Images/Alumni/22122009046 (1).jpg'),
(7, 'Agha Shahab Khan', 'MBA ', 'Fall', 'Manama packaging Industry W.L.L. Bahrain ', 'Manager HR & Admin', '../../Images/Alumni/agha.jpg'),
(8, 'Naveed Sajid Ch', 'BS Aviation', 'Fall', 'Shaheen International', 'Flight Operations Officer', '../../Images/Alumni/naveed sajid.jpg'),
(9, 'Jamshed Ali', 'MBA', 'Fall', 'Orient Group of Companies', 'Assistant Brand Manager', '../../Images/Alumni/jamshed.jpg'),
(11, 'Hassan Raza', 'MBA ', 'Fall', 'H. Karim Buksh', 'Head of Human Resources', '../../Images/Alumni/HR.jpg'),
(13, 'Bilal Dost', 'MBA', 'Fall', 'Digicel', 'Group Commercial Analyst', '../../Images/Alumni/bilal dost.jpg'),
(14, 'Muhammad Umair', 'MBA ', 'Fall', 'J & S Entertainment & Events Management', 'Manager HR ', '../../Images/Alumni/umair.jpg'),
(15, 'Amjad Hanif', 'MBA', 'Fall', 'LG Electronics', 'Area Sales Manager', '../../Images/Alumni/amjad hanif.jpg'),
(16, 'Jawad Saleem', 'B.Com', 'Fall', 'Director Research', 'First Capital Investment Ltd', '../../Images/Alumni/jawad.jpg'),
(17, 'Hamza Amin Ch', 'BS Aviation', 'Fall', 'PIA', 'Pilot-First Officer', '../../Images/Alumni/Hamza.jpg'),
(18, 'Atif Sheikh', 'MBA', 'Fall', 'Huawei Technologies ', 'Sales Account Manager', '../../Images/Alumni/atif.jpg'),
(20, 'Muhammad Farooq', 'MBA ', 'Fall', 'Wateen Telecom', 'Asst Manager HR Transformation', '../../Images/Alumni/farooq wateen.jpg'),
(22, 'Junaid Ali Malik', 'MBA', 'Fall', 'Ruba Sez Pvt Ltd (Haier)', 'Deputy GM', '../../Images/Alumni/junaid ali.jpg'),
(23, 'Asim Amjad', 'MBA', 'Fall', 'Ali Akbar Group', 'Manager Recruitment & Selection', '../../Images/Alumni/asim amjad.jpg'),
(24, 'Shoaib Meer', 'MBA', 'Fall', 'Nestle ', 'Key Accounts Executive', '../../Images/Alumni/shoaib.jpg'),
(25, 'Hasham Lodhi', 'MBA', 'Fall', 'Ring Road Police', 'Officer', '../../Images/Alumni/lodhi.jpg'),
(26, 'Atta ul Wahab Khan Tariq', 'MCS', 'Fall', ' i2c Inc', 'Associate Architect ', '../../Images/Alumni/atta.jpg'),
(27, 'Awais Butt', 'MBA', 'Fall', 'Macca Group of Companies', 'Executive Director', '../../Images/Alumni/awais butt.jpg'),
(28, 'Hussain Qaisar', 'M.Sc Eco', 'Fall', 'Bank Alfalah Ltd', 'Manager Operations', '../../Images/Alumni/hussain.jpg'),
(30, 'Haroon Sammad', 'MBA', 'Fall', 'Big Bird Group', 'Manager Procurement', '../../Images/Alumni/haroon.jpg'),
(31, 'Somia Ishaq', 'MBA', 'Fall', 'Gift University', 'Asst Manager Corporate Relations', '../../Images/Alumni/somia.jpg'),
(32, 'Mohsin Nisar Rajput', 'MBA', 'Fall', 'NESPAK', 'Asst Manager Procurement', '../../Images/Alumni/mohsin nisar.jpg'),
(33, 'Muhammad Saeed', 'MBA', 'Fall', 'HKF Engineering, Ravi Motorcycles', 'National Sales Manager', '../../Images/Alumni/saeed.jpg'),
(34, 'Umar Nawaz Ghumman', 'MBA', 'Fall', 'Line Shipping Company KSA', 'Manager Sales & Marketing', '../../Images/Alumni/ghumman.jpg'),
(35, 'Khurram Chaudhry', 'MBA', 'Fall', 'Unilever', 'Area Sales Manager', '../../Images/Alumni/K ch.jpg'),
(36, 'Abdul Rehman', 'MBA', 'Fall', 'A 4 Communications', 'Founder & CEO', '../../Images/Alumni/har.jpg'),
(37, 'Abdul Rauf', 'BCS', 'Fall', 'Netsol Technologies', 'Principal Software Engineer', '../../Images/Alumni/rauf.jpg'),
(39, 'Faisal Salahuddin', 'M.Sc HRM', 'Fall', 'The Johanniter International Assistance', 'HR & Admin Officer', '../../Images/Alumni/Picture 020.jpg'),
(40, 'Munir Hussain', 'MBA', 'Fall', 'Systronic IT Group', 'Operations Manager', '../../Images/Alumni/munir.jpg');

-- --------------------------------------------------------

--
-- Table structure for table `su_announcements`
--

CREATE TABLE IF NOT EXISTS `su_announcements` (
  `ann_id` int(11) unsigned NOT NULL,
  `ann_details` varchar(255) NOT NULL,
  `dept_id` int(11) unsigned NOT NULL,
  PRIMARY KEY (`ann_id`)
) ENGINE=MyISAM DEFAULT CHARSET=utf8;

--
-- Dumping data for table `su_announcements`
--

INSERT INTO `su_announcements` (`ann_id`, `ann_details`, `dept_id`) VALUES
(14, 'Azra Naheed center for research & development is organizing International research conference on growth in emerging market', 27),
(39, 'Superior  family heartily congratulates, Mr. Usman Saeed(student of Superior College, Multan campus) , on securing 3rd position in BZU', 27),
(40, 'Superior Group of Colleges takes lead in BISE Lahore board intermediate results', 27),
(42, 'The orientation of Doctor of Pharmacy and  Doctor of Physiotherapy is going to be held on November 25,2013', 27),
(43, 'Department of mass Comm. organizsed a Seminar on Pakisan Culture and Fashion shows.', 27);

-- --------------------------------------------------------

--
-- Table structure for table `su_assignments`
--

CREATE TABLE IF NOT EXISTS `su_assignments` (
  `asm_aid` int(11) unsigned NOT NULL,
  `prg` varchar(255) NOT NULL,
  `stype` varchar(255) NOT NULL,
  `ses` varchar(255) NOT NULL,
  `bch` varchar(255) NOT NULL,
  `sem` int(11) unsigned NOT NULL,
  `sft` varchar(255) NOT NULL,
  `sbj` varchar(255) NOT NULL,
  `tch` varchar(255) NOT NULL,
  `asm_ttl` varchar(255) NOT NULL,
  `asm_des` varchar(255) NOT NULL,
  `asm_date` varchar(255) NOT NULL,
  PRIMARY KEY (`asm_aid`)
) ENGINE=MyISAM DEFAULT CHARSET=utf8;

--
-- Dumping data for table `su_assignments`
--


-- --------------------------------------------------------

--
-- Table structure for table `su_authors`
--

CREATE TABLE IF NOT EXISTS `su_authors` (
  `au_aid` int(11) unsigned NOT NULL,
  `au_jid` int(11) unsigned NOT NULL,
  `au_fname` varchar(255) NOT NULL,
  `au_sname` varchar(255) NOT NULL,
  `au_tname` varchar(255) NOT NULL,
  PRIMARY KEY (`au_aid`)
) ENGINE=MyISAM DEFAULT CHARSET=utf8;

--
-- Dumping data for table `su_authors`
--

INSERT INTO `su_authors` (`au_aid`, `au_jid`, `au_fname`, `au_sname`, `au_tname`) VALUES
(2, 1, 'Ali ', 'Hassan', ' Khan');

-- --------------------------------------------------------

--
-- Table structure for table `su_awards`
--

CREATE TABLE IF NOT EXISTS `su_awards` (
  `Awr_Id` int(11) NOT NULL AUTO_INCREMENT,
  `Awr_Title` varchar(255) NOT NULL,
  `Awr_Details` varchar(255) NOT NULL,
  `Awr_Image` varchar(255) NOT NULL,
  `Awr_Type` varchar(255) NOT NULL,
  PRIMARY KEY (`Awr_Id`)
) ENGINE=MyISAM  DEFAULT CHARSET=latin1 AUTO_INCREMENT=21 ;

--
-- Dumping data for table `su_awards`
--

INSERT INTO `su_awards` (`Awr_Id`, `Awr_Title`, `Awr_Details`, `Awr_Image`, `Awr_Type`) VALUES
(5, 'Galas', 'Students can cherish their moment by attending the special galas which are organized to appreciate growing abilities of students. For this, welcome and farewell functions are arranged, whereby students are encouraged to display their talent and show their', '../../Images/Gallary/Gala.JPG', 'Campus Life'),
(6, 'Industrial Tours', 'The present age is the age of practical know-how and the College offers an ample opportunity to its students to visit uprising industries and top-class business organizations like Nestle, Packages, ICI, Dawood Hercules, Millat Tractors, Haier Electronics ', '../../Images/Gallary/Industrl.jpg', 'Campus Life'),
(7, 'Foreign Tours', 'Organized visits to the foreign countries give students a new boost and exposure of the surrounding culture. ?Superiors?, with outstanding academic background, visit foreign countries like England, UAE and India as special study tours either in summer or ', '../../Images/Gallary/Industrl.jpg', 'Campus Life'),
(8, 'Pleasure Trips', 'Seeking a meaningful pleasure is always natural to the human beings. This refreshes the mind, lessens the stress, dilutes the tension, and smoothes out worries. To this end, field tours to Murree, Swat and Kalam are arranged throughout the academic sessio', '../../Images/Gallary/PTour.JPG', 'Campus Life'),
(9, 'Sports Day', 'There is a broad spectrum of spectacular physical education in the form of indoor and outdoor sports activities. Opportunities for all staff and students are provided to take part in a range of multicolored sports at different levels of ability. The Colle', '../../Images/Gallary/SFestival.JPG', 'Campus Life'),
(10, 'Cultural Festival', 'An important milestone at the beginning of spring season is the Superior Cultural and Festival Show that provides perennial respite, unfolds the hidden talent and nourishes the students, faculties to the heights of delights. This vibrant and memorable eve', '../../Images/Gallary/SFestival.JPG', 'Campus Life'),
(11, 'Community Awards', 'The practice of giving away the best performance award to the college staff was initiated by late Malik Meraj Khalid during his life span. After his demise, Superior Group of Colleges, in all respects, followed the sublime mission of introducing professio', '../../Images/Gallary/Cmnty_awrd.jpg', 'Awards'),
(12, 'Faculty Awards', '<b/>?THE GREATEST REWARD FOR DOING IS THE OPPORTUNITY TO DO MORE? </b> <br/> <br/>\r\n\r\nTeachers have always been a sanctified and esteemed part of the community .As it is said that the nation which has a respect for its teachers is blessed with the grace o', '../../Images/Gallary/Fac_Award.jpg', 'Awards'),
(13, 'Administrative Awards', '<b>?Men Are Rich Only As They Give-- He Who Gives Great Services Gets Great Rewards?</b> <br><br>\r\n\r\nInspire, encourage, Appreciate, Attract Reinforce, motivate, nurture, retain, engage, thank and bring out the best in your employees. <br><br>\r\n\r\nUmrah Ti', '../../Images/Gallary/adminstrative_awrd.jpg', 'Awards'),
(14, 'Student Awards', '<b> ?DETERMINATION, EFFORT AND PRACTICE ARE REWARDED WITH SUCCESS?? </b> <br/><br/>\r\n\r\nAwards always encourage students. They are a source of motivation to achieve goals. As a continuation of our vision we are facilitating students in the pursuance of the', '../../Images/Gallary/student_award.jpg', 'Awards'),
(19, 'Transport', '''Transport facility is provided to students on affordable price. Students are all praises for the superior fleet for its:  <br>      Well defined routes touching all the corners of the city<br>      Efficient, comfortable and in time facility<br>      Pea', '''../../Images/Gallary/Transport.jpg', 'Facility'),
(20, 'Superior Library', '''Superior Bookshop is serving students routine academic needs. Students studying in different disciplines can easily avail themselves of the following:  <br/><br/>      Textbooks related to their syllabus.      <br/>Study packs prepared by the competent f', '''../../Images/Gallary/library.jpg', 'Facility');

-- --------------------------------------------------------

--
-- Table structure for table `su_bookshop`
--

CREATE TABLE IF NOT EXISTS `su_bookshop` (
  `ban_id` int(11) unsigned NOT NULL,
  `ban_text` varchar(255) NOT NULL,
  `ban_img` varchar(255) NOT NULL,
  `ban_usr` varchar(255) NOT NULL,
  `ban_stamp` varchar(255) NOT NULL,
  PRIMARY KEY (`ban_id`)
) ENGINE=MyISAM DEFAULT CHARSET=utf8;

--
-- Dumping data for table `su_bookshop`
--

INSERT INTO `su_bookshop` (`ban_id`, `ban_text`, `ban_img`, `ban_usr`, `ban_stamp`) VALUES
(1, 'Getting charter by Government of Punjab as degree awarding institute in four faculties is a badge of distinction.', '../../Images/Gallary/uni.jpg', 'amir', '2014-01-01'),
(2, 'A big part of your life as a student will be the people you meet and friendships you make.', '../../Images/Gallary/campus.jpg', 'amir', '2014-01-01'),
(3, 'We feel proud of our Alumni and feel honored that they are maintaining their identity of being Superior.', '../../Images/Gallary/alumni-1.jpg', 'amir', '2014-01-01'),
(4, 'Cafe is always a place of refreshment and entertainment for having breaks during strenuous academic routine.', '../../Images/Gallary/Cafe.jpg', 'amir', '2014-01-01'),
(6, 'Superior has signed MOU (Memorandums of Understanding) in the areas of student exchange', '../../Images/Gallary/mou.jpg', 'amir', '2014-01-01'),
(7, 'Superior University holds distinction in aviation studies as this is the pioneer department.', '../../Images/Gallary/aviation.jpg', 'amir', '2014-01-01'),
(8, 'Superior musical nights and concerts are cherished by students and their friends and fellows.', '../../Images/Gallary/concert.jpg', 'amir', '2014-01-01'),
(9, 'The Superior students are looked after with all the essential facilities.', '../../Images/Gallary/labs.jpg', 'amir', '2014-01-01'),
(10, 'The rewards, recognition, and respect for those who delivered the best The rewards which make you SUPERIOR !!!', '../../Images/Gallary/296-01.jpg', 'amir', '2014-01-01'),
(11, 'Men Are Rich Only As They Give. He Who Gives Great Services Gets Great Rewards', '../../Images/Gallary/296-03.jpg', 'amir', '2014-01-01');

-- --------------------------------------------------------

--
-- Table structure for table `su_centerlinks`
--

CREATE TABLE IF NOT EXISTS `su_centerlinks` (
  `tlink_id` int(11) unsigned NOT NULL,
  `tlink_title` varchar(255) NOT NULL,
  `tlink_link` varchar(255) NOT NULL,
  `cen_id` int(11) unsigned NOT NULL,
  PRIMARY KEY (`tlink_id`)
) ENGINE=MyISAM DEFAULT CHARSET=utf8;

--
-- Dumping data for table `su_centerlinks`
--

INSERT INTO `su_centerlinks` (`tlink_id`, `tlink_title`, `tlink_link`, `cen_id`) VALUES
(2, 'SMEDA', 'www.smeda.org.pk', 2),
(3, 'SME Bank', 'www.smebank.org', 2),
(4, 'Kashf Foundation', 'www.kashf.org', 2),
(5, 'Rozgar Bank', 'www.rozgarbank.com', 2),
(6, 'Pak Oman Microfinance Bank', 'www.pomicro.com', 2),
(7, 'Dubai SME', 'www.sme.ae', 2),
(8, 'SEC Pakistan', 'www.secp.gov.pk', 2),
(9, 'Shell Tameer', 'www.tameer.org.pk', 2);

-- --------------------------------------------------------

--
-- Table structure for table `su_centers`
--

CREATE TABLE IF NOT EXISTS `su_centers` (
  `Cen_Id` int(11) NOT NULL AUTO_INCREMENT,
  `Cen_About` varchar(255) NOT NULL,
  `Cen_Functions` varchar(255) NOT NULL,
  `Cen_Team` varchar(255) NOT NULL,
  `Cen_Contact` varchar(255) NOT NULL,
  `Cen_Type` varchar(255) NOT NULL,
  PRIMARY KEY (`Cen_Id`)
) ENGINE=MyISAM  DEFAULT CHARSET=latin1 AUTO_INCREMENT=4 ;

--
-- Dumping data for table `su_centers`
--

INSERT INTO `su_centers` (`Cen_Id`, `Cen_About`, `Cen_Functions`, `Cen_Team`, `Cen_Contact`, `Cen_Type`) VALUES
(1, '''<b style="color: #003d43">Vision:</b><br> <br> Our vision is to become a leading research institute of Pakistan serving as a valuable resource for education, industry and society <br><br> <b style="color: #003d43">Mission:</b><br> <br> Our mission is to ', '''<b style="color: #003d43">Academic Research:</b> <br><br> To provide a platform to scholars and students to enhance scholarly inquiry through cost-effective and cooperative programs providing reliable access through traditional and electronic resources i', '''<b>Chairman:</b> Chaudhary Abdul Rehman<br> <b>Director:</b> Prof. Dr. Sikandar Khan <br><b>Deputy Director:</b> Afshan Hameed <br><b>Assistant Director:</b> Ayesha Zahid, Nadeem Iqbal <br><b>Project Manager:</b> Shuja-ud-din Bhatti', '''<b>Adnan Rafique</b><br> <b>Mob:</b>03334744229<br> <b>Phone:</b> 042-35330361-3 <br> <b>Email:</b> ancrd@superior.edu.pk <br>  University Campus Main Raiwind Road Lahore<br> ', 'ANCRD'),
(2, '''<b style="color: #003d43">Vision</b><br><br> Developing entrepreneurial potential of Pakistani youth.<br><br> <b style="color: #003d43">Mission</b><br><br> We are committed to develop ‘superior’ entrepreneurs by changing mindsets of Pakistani youth from ', '''<b style="color: #003d43">Vision</b><br><br> Developing entrepreneurial potential of Pakistani youth.<br><br> <b style="color: #003d43">Mission</b><br><br> We are committed to develop ‘superior’ entrepreneurs by changing mindsets of Pakistani youth from ', '''<b>Chairman:</b> Chaudhary Abdul Rehman<br> <b>Director:</b> Prof. Dr. Muhammad Azam Roomi <br><b>Manager:</b> Afshan Hameed <br><b>Consultant:</b> Sumaira Rehman ', '''University Campus - Lahore <br> Main Raiwind Road, <br> <b>Phone:</b> 042-35330361-3<br><b>Email</b>:&nbsp;info@ced.org.pk', 'CMACED');

-- --------------------------------------------------------

--
-- Table structure for table `su_contact`
--

CREATE TABLE IF NOT EXISTS `su_contact` (
  `con_id` int(11) unsigned NOT NULL,
  `con_city` varchar(255) NOT NULL,
  `con_campus` varchar(255) NOT NULL,
  `con_adr` varchar(255) NOT NULL,
  `con_phone` varchar(255) NOT NULL,
  `con_email` varchar(255) NOT NULL,
  PRIMARY KEY (`con_id`)
) ENGINE=MyISAM DEFAULT CHARSET=utf8;

--
-- Dumping data for table `su_contact`
--

INSERT INTO `su_contact` (`con_id`, `con_city`, `con_campus`, `con_adr`, `con_phone`, `con_email`) VALUES
(1, 'Lahore', 'Main Campus', 'Kalma Chowk Garden Town', 'info@superior.edu.pk', '04235858033'),
(4, 'Lahore', 'Superior College Science', '31-Tipu Block New Garden Town,', 'admissions@superior.edu.pk', '042-111-00-00-78'),
(5, 'Lahore', 'Superior College for Women ', '30-L Gulberg-III', 'admissions@superior.edu.pk', '042-35855592-3'),
(6, 'Lahore', 'Superior College of Commerce', '32-Babar Block New Garden Town,', 'admissions@superior.edu.pk', ' 042-35940810-2'),
(7, 'Lahore', 'Superior College of Law ', '23-L Gulberg-III', 'admissions@superior.edu.pk', '042-35830344'),
(8, 'Lahore', 'University Campus', 'Main Raiwind Road,', 'admissions@superior.edu.pk', ' 042-35330361-3'),
(9, 'Faisalabad', 'Faisalabad Campus', '103-C, Peoples Colony-1', 'info@superior.edu.pk', '041-8723881 - 8724881-82 '),
(10, 'Multan', 'Multan Campus', 'Neel Kot, Boson Road', 'info@superior.edu.pk', '061-6512530-31-32'),
(12, 'Okara', 'Okara Campus', 'Jawad Avenue', 'info@superior.edu.pk', '044-2527031'),
(13, 'Rahim Yar Khan', 'Rahim Yar Khan', 'East Bank Sadiq Canal, Darri Sanghi', 'info@superior.edu.pk', '068-5042531-2 '),
(14, 'Sargodha', 'Sargodha', '91/92 A, Satellite Town', 'info@superior.edu.pk', '048-3223670-71-72'),
(15, 'Sialkot', 'Sialkot', 'Kashmir Road, Pacca Garha', 'info@superior.edu.pk', '052-4293442'),
(16, 'Gujranwala', 'Gujranwala', '7-8 ASIE Main GT Road', 'info@superior.edu.pk', '055-3844831-3'),
(17, 'Sahiwal', 'Sahiwal', 'Nazim Town, Main GT Road Multan, Near Wapda grid station ', 'info@superior.edu.pk', ' 040 4228300-400'),
(18, 'Sheikhupura', 'Sheikhupura', 'Opposite Frabi College of Commerce Saim Pull Stop, Lahore Shekhupura Road ', 'info@superior.edu.pk', ' 056 3610198-9'),
(19, 'Borewalaa', 'Borewalaa', '94 - I Block Civil Lines', 'info@superior.edu.pk', ' 067 3773666'),
(20, 'Pattoki', 'Pattoki', 'Main GT Road ', 'info@superior.edu.pk', '049 4424000'),
(21, 'Raiwalpindi', 'Raiwalpindi', '34 B-1, Chandni Chowk Satellite Town', 'info@superior.edu.pk', ' 051 4844229-32'),
(22, 'Jehlum', 'Jehlum', 'Jada Chungi, GT Road', 'info@superior.edu.pk', '054 4612530-2'),
(23, 'Hafizabad', 'Hafizabad', 'Jinnah Chowk Gujranwala Road', 'info@superior.edu.pk', '0547 521125-6'),
(24, 'Bahawalpur', 'Bahawalpur', '7-A, Aziz Bhatti Road, Model Town A, Bahawalpur', 'info@superior.edu.pk', '062-2889715-6'),
(25, 'Pakpatan', 'Pakpatan', 'Near Saadat House, Sahiwal Road, Pakpatan', 'info@superior.edu.pk', '0457-352012-4'),
(26, 'Bahawalnagar', 'Bahawalnagar', 'Near Shell Petrol Pump, Haroonabad Road, Bahawalnagar', 'info@superior.edu.pk', ' 063-2000601'),
(27, 'Arifwala', 'Arifwala', 'Opposite PSO Pump, Sahiwal Road, Arifwala', 'info@superior.edu.pk', '045-7830125'),
(28, 'Toba Tek Singh', 'Toba Tek Singh', 'Main Rajana Road, Barianwala Near S. A Marriage Hall, ', 'info@superior.edu.pk', '046-2511177 -046-2511185 -046-2511184'),
(29, 'Khanpur', 'Khanpur', 'By Pass Road, City Garden', 'info@superior.edu.pk', '068 5016990-91 '),
(30, 'Gujrat ', 'Gujrat ', ' Near Small Industry State GT Road', 'info@superior.edu.pk', '053 3525355-6 '),
(31, 'Daska', 'Daska', 'Pasroor By Pass Road', 'info@superior.edu.pk', ' 052 6611132-34 '),
(32, 'Depalpur', 'Depalpur', 'Opposite Grid Station Okara Road', 'info@superior.edu.pk', '0444 540211-3 '),
(33, 'Jhang', 'Jhang', 'Near Sultan Colony Main Gojra Road', 'info@superior.edu.pk', '047 7652375-6'),
(34, 'Pasroor', 'Pasroor', 'Defense Town, Daska Road', 'info@superior.edu.pk', '052 6938411 - 052 6929742'),
(35, 'Shahdara ', 'Ravi Campus', 'Saeed Park, Opposite Ravi Old Toll Plaza, Shahdara', 'info@superior.edu.pk', '0423-7940451-2'),
(36, 'Sambrial', 'BoysCampus', 'Boys Campus: Opposite National Bank, Sialkot-Wazirabad Road, Sambrial', 'info@superior.edu.pk', '052-6522842 - 052-6524681 '),
(38, 'Sambrial', 'Girls Campus', 'Girls Campus: Opposite MCB Bank, Sialkot-Wazirabad Road, Sambrial', 'info@superior.edu.pk', '052-6524842 - 052-6524680 '),
(39, 'Narowal', 'Narowal', 'Chowk Bijli Ghar, Pasroor Road, Narowal', 'info@superior.edu.pk', '0542-411265-7'),
(40, 'Mandi Bahaudin', 'Mandi Bahaudin', 'Satt Sira Chowk, Mandi Bahaudin', 'info@superior.edu.pk', ' 0546-571331-4'),
(41, 'Kharian', 'Kharian', 'Main G.T. Road, Kharian', 'info@superior.edu.pk', '0321-6021330'),
(42, 'Bhakkar', 'Bhakkar', 'Darya Khan Road, Bhakkar', 'info@superior.edu.pk', ' 0453-513712');

-- --------------------------------------------------------

--
-- Table structure for table `su_department`
--

CREATE TABLE IF NOT EXISTS `su_department` (
  `dept_id` int(11) unsigned NOT NULL,
  `dept_name` varchar(255) NOT NULL,
  `dept_type` varchar(255) NOT NULL,
  PRIMARY KEY (`dept_id`)
) ENGINE=MyISAM DEFAULT CHARSET=utf8;

--
-- Dumping data for table `su_department`
--

INSERT INTO `su_department` (`dept_id`, `dept_name`, `dept_type`) VALUES
(1, 'Department of Management Sciences', 'Admin'),
(2, 'Department of Mass Communication Management', 'Admin'),
(3, 'Marketing Department ', 'Admin'),
(4, 'Human Rescource Department', 'Admin'),
(5, 'Creative Department', 'Admin'),
(6, 'Quality Assurance Department', 'Admin'),
(7, 'Alumni & Corporate Relations', 'Admin'),
(8, 'Examination Department', 'Admin'),
(9, 'Azra Naheed Center for Research & Devlopment', 'Admin'),
(10, 'Chaudhary Muhammad Akram Centre for Entrepreneurship Development', 'Admin'),
(11, 'Admissions & Front Desk Team ', 'Admin'),
(12, 'Finance Department', 'Admin'),
(13, 'General Administration Staff', 'Admin'),
(14, 'The Superior Solution', 'Admin'),
(15, 'Superior International Collaboration Office ', 'Admin'),
(16, 'Library', 'Admin'),
(17, 'Registration Department', 'Admin'),
(18, 'Sports Department', 'Admin'),
(19, 'Computer & Science Labs', 'Admin'),
(20, 'Department of Engineering and Technology', 'Faculty'),
(21, 'Department Information Techonolgy and Computer Sciences', 'Faculty'),
(22, 'Department of Economics and Commerce', 'Faculty'),
(23, 'Department of Medical and Health Sciences', 'Faculty'),
(24, 'Department of Pharmacy', 'Faculty'),
(25, 'Department of Law', 'Faculty'),
(27, 'General', 'Admin');

-- --------------------------------------------------------

--
-- Table structure for table `su_ebookcategory`
--

CREATE TABLE IF NOT EXISTS `su_ebookcategory` (
  `ebookcategory_id` int(11) unsigned NOT NULL,
  `ebookcategory_name` varchar(255) NOT NULL,
  PRIMARY KEY (`ebookcategory_id`)
) ENGINE=MyISAM DEFAULT CHARSET=utf8;

--
-- Dumping data for table `su_ebookcategory`
--

INSERT INTO `su_ebookcategory` (`ebookcategory_id`, `ebookcategory_name`) VALUES
(3, 'Mathematics'),
(7, 'English Literature'),
(8, 'Urdu'),
(10, 'English');

-- --------------------------------------------------------

--
-- Table structure for table `su_egallery`
--

CREATE TABLE IF NOT EXISTS `su_egallery` (
  `ag_id` int(11) unsigned NOT NULL,
  `ag_image` varchar(255) DEFAULT NULL,
  `eve_id` int(11) unsigned NOT NULL,
  PRIMARY KEY (`ag_id`)
) ENGINE=MyISAM DEFAULT CHARSET=utf8;

--
-- Dumping data for table `su_egallery`
--

INSERT INTO `su_egallery` (`ag_id`, `ag_image`, `eve_id`) VALUES
(1, NULL, 26),
(2, NULL, 13);

-- --------------------------------------------------------

--
-- Table structure for table `su_events`
--

CREATE TABLE IF NOT EXISTS `su_events` (
  `eve_id` int(11) unsigned NOT NULL,
  `eve_title` varchar(255) NOT NULL,
  `eve_date` varchar(255) NOT NULL,
  `eve_venue` varchar(255) NOT NULL,
  `eve_time` varchar(255) NOT NULL,
  `eve_detail` varchar(255) NOT NULL,
  `eve_type` varchar(255) NOT NULL,
  PRIMARY KEY (`eve_id`)
) ENGINE=MyISAM DEFAULT CHARSET=utf8;

--
-- Dumping data for table `su_events`
--

INSERT INTO `su_events` (`eve_id`, `eve_title`, `eve_date`, `eve_venue`, `eve_time`, `eve_detail`, `eve_type`) VALUES
(13, 'ICMR 2013', '2013-11-21', 'Superior University Lahore', '11:00 AM', 'International Conference on Management Research 2013 ', 'General'),
(26, '5 MT 2013', '2013-09-21', '36-L GIRLS CAMPUS ', '02:30pm - 10:00pm', 'FIVE MINUTE THESIS COMPETITION', 'General');

-- --------------------------------------------------------

--
-- Table structure for table `su_faculty`
--

CREATE TABLE IF NOT EXISTS `su_faculty` (
  `fac_id` int(11) unsigned NOT NULL,
  `fac_name` varchar(255) NOT NULL,
  `fac_img` varchar(255) NOT NULL,
  PRIMARY KEY (`fac_id`)
) ENGINE=MyISAM DEFAULT CHARSET=utf8;

--
-- Dumping data for table `su_faculty`
--

INSERT INTO `su_faculty` (`fac_id`, `fac_name`, `fac_img`) VALUES
(3, 'Faculty of CS and IT', '../../Images/Gallary/BS_Computer_Sciences.jpg'),
(5, 'Faculty of Business & Management Sciences', '../../Images/Gallary/MBA_After_4_years_BBA.jpg'),
(6, 'Faculty of Engineering & Technology', '../../Images/Gallary/bannerfet.jpg'),
(7, 'Faculty of Economics & Commerce', '../../Images/Gallary/commerce.jpg'),
(8, 'Faculty of Medical & Health Sciences', '../../Images/Gallary/ANMCinner.jpg'),
(9, 'College of Accountancy', '../../Images/Gallary/econ.jpg'),
(10, 'Faculty of Pharmacy', '../../Images/Gallary/Pharm_D.jpg'),
(11, 'Faculty of Law', '../../Images/Gallary/PhD-Law.jpg');

-- --------------------------------------------------------

--
-- Table structure for table `su_fee`
--

CREATE TABLE IF NOT EXISTS `su_fee` (
  `fee_id` int(11) unsigned NOT NULL,
  `fee_admission` int(11) unsigned NOT NULL,
  `fee_misc` int(11) unsigned NOT NULL,
  `fee_tution` int(11) unsigned NOT NULL,
  `fee_semester` int(11) unsigned NOT NULL,
  `pro_id` int(11) unsigned NOT NULL,
  PRIMARY KEY (`fee_id`)
) ENGINE=MyISAM DEFAULT CHARSET=utf8;

--
-- Dumping data for table `su_fee`
--

INSERT INTO `su_fee` (`fee_id`, `fee_admission`, `fee_misc`, `fee_tution`, `fee_semester`, `pro_id`) VALUES
(2, 30000, 5000, 90000, 2, 11),
(3, 20000, 5000, 45000, 3, 25),
(4, 20000, 5000, 92500, 2, 12),
(6, 20000, 5000, 60000, 3, 13),
(7, 20000, 5000, 75000, 5, 27),
(8, 20000, 5000, 60000, 3, 14),
(9, 20000, 5000, 75000, 4, 28),
(10, 20000, 5000, 60000, 3, 15),
(11, 20000, 5000, 45000, 7, 29),
(12, 20000, 5000, 92500, 6, 16),
(13, 20000, 5000, 92500, 2, 17),
(14, 20000, 5000, 85000, 8, 30),
(15, 15000, 5000, 54500, 4, 18),
(16, 20000, 5000, 90000, 8, 31),
(17, 20000, 5000, 45000, 7, 23),
(18, 15000, 5000, 54500, 8, 21),
(19, 15000, 5000, 40000, 8, 22),
(20, 20000, 5000, 70000, 2, 32),
(21, 20000, 5000, 60000, 4, 34),
(22, 20000, 5000, 85000, 8, 33),
(23, 20000, 5000, 85000, 8, 35),
(24, 20000, 5000, 110000, 8, 36),
(25, 20000, 5000, 110000, 8, 38),
(26, 20000, 5000, 90000, 8, 37),
(27, 15000, 5000, 44500, 4, 53),
(28, 20000, 5000, 92500, 2, 40),
(29, 15000, 5000, 50000, 4, 42),
(30, 20000, 5000, 92500, 2, 41),
(31, 15000, 5000, 57500, 4, 43),
(32, 0, 0, 60000, 4, 51),
(33, 15000, 5000, 57500, 8, 44),
(34, 20000, 5000, 75000, 10, 45),
(35, 20000, 5000, 60000, 8, 47),
(36, 20000, 5000, 75000, 10, 49),
(37, 20000, 5000, 70000, 2, 70),
(38, 20000, 5000, 85000, 8, 75),
(39, 20000, 5000, 75000, 6, 78),
(40, 20000, 5000, 60000, 3, 74),
(41, 20000, 5000, 60000, 4, 77),
(42, 20000, 5000, 60000, 2, 68),
(43, 50000, 10000, 125000, 2, 50),
(44, 40000, 0, 35000, 4, 52),
(45, 75000, 35000, 600000, 5, 46),
(46, 15000, 5000, 42000, 4, 67),
(47, 20000, 5000, 85000, 8, 76),
(48, 20000, 5000, 45000, 7, 20),
(49, 20000, 5000, 48000, 4, 24),
(50, 20000, 5000, 48000, 4, 26),
(51, 20000, 5000, 45000, 7, 19),
(52, 20000, 5000, 100000, 10, 39);

-- --------------------------------------------------------

--
-- Table structure for table `su_gallery`
--

CREATE TABLE IF NOT EXISTS `su_gallery` (
  `gal_id` int(11) unsigned NOT NULL,
  `gal_title` varchar(255) NOT NULL,
  `gal_image` varchar(255) DEFAULT NULL,
  `gal_thumb` varchar(255) DEFAULT NULL,
  `news_id` int(11) unsigned NOT NULL,
  PRIMARY KEY (`gal_id`)
) ENGINE=MyISAM DEFAULT CHARSET=utf8;

--
-- Dumping data for table `su_gallery`
--

INSERT INTO `su_gallery` (`gal_id`, `gal_title`, `gal_image`, `gal_thumb`, `news_id`) VALUES
(10, 'Session with Dr. Abdul Qadeer Khan', '../../Images/Gallary/544865_10151216688008930_2047137073_n.jpg', '../../images/Thumbs/Thumbnail_544865_10151216688008930_2047137073_n.jpg', 4),
(12, 'Session with Dr. Abdul Qadeer Khan', '../../Images/Gallary/27995_10151216688343930_1139527012_n.jpg', '../../images/Thumbs/Thumbnail_27995_10151216688343930_1139527012_n.jpg', 4),
(13, 'Session with Dr. Abdul Qadeer Khan', '../../Images/Gallary/216345_10151216688943930_1157615051_n.jpg', '../../images/Thumbs/Thumbnail_216345_10151216688943930_1157615051_n.jpg', 4),
(14, 'Session with Dr. Abdul Qadeer Khan', '../../Images/Gallary/305522_10151216688488930_1729479057_n.jpg', '../../images/Thumbs/Thumbnail_305522_10151216688488930_1729479057_n.jpg', 4),
(15, 'Session with Dr. Abdul Qadeer Khan', '../../Images/Gallary/481847_10151216688173930_1770482007_n.jpg', '../../images/Thumbs/Thumbnail_481847_10151216688173930_1770482007_n.jpg', 4),
(16, 'Session with Dr. Abdul Qadeer Khan', '../../Images/Gallary/535557_10151216688203930_1011547093_n.jpg', '../../images/Thumbs/Thumbnail_535557_10151216688203930_1011547093_n.jpg', 4),
(25, 'aaa', NULL, NULL, 4),
(26, 'aaa', NULL, NULL, 4);

-- --------------------------------------------------------

--
-- Table structure for table `su_initiative`
--

CREATE TABLE IF NOT EXISTS `su_initiative` (
  `ini_id` int(11) unsigned NOT NULL,
  `ini_title` varchar(255) NOT NULL,
  `ini_description` varchar(255) NOT NULL,
  `ini_file` varchar(255) NOT NULL,
  `ini_type` varchar(255) NOT NULL,
  `cen_id` int(11) unsigned NOT NULL,
  PRIMARY KEY (`ini_id`)
) ENGINE=MyISAM DEFAULT CHARSET=utf8;

--
-- Dumping data for table `su_initiative`
--


-- --------------------------------------------------------

--
-- Table structure for table `su_inquiryform`
--

CREATE TABLE IF NOT EXISTS `su_inquiryform` (
  `iq_id` int(11) unsigned NOT NULL,
  `iq_name` varchar(255) DEFAULT NULL,
  `iq_mob` varchar(255) DEFAULT NULL,
  `iq_rolnum` varchar(255) DEFAULT NULL,
  `iq_session` varchar(255) DEFAULT NULL,
  `iq_emailadres` varchar(255) DEFAULT NULL,
  `iq_query` varchar(255) DEFAULT NULL,
  PRIMARY KEY (`iq_id`)
) ENGINE=MyISAM DEFAULT CHARSET=utf8;

--
-- Dumping data for table `su_inquiryform`
--

INSERT INTO `su_inquiryform` (`iq_id`, `iq_name`, `iq_mob`, `iq_rolnum`, `iq_session`, `iq_emailadres`, `iq_query`) VALUES
(3, 'Adeel Asghar', '03214059114', 'BSCS', '2004-2008', 'adeel.asghar@superior.edu.pk', 'dsgdsfg'),
(9, NULL, NULL, NULL, NULL, NULL, NULL),
(10, 'agnujdta', '1', '1', '1', 'sample@email.tst', '1'),
(11, 'nadxrjmt', '1', '1', '1', 'sample@email.tst', '1'),
(12, 'noakteeg', '1', '1', '1', 'sample@email.tst', '1'),
(13, 'vthlhacu', '1', '1', '1', 'sample@email.tst', '1'),
(14, NULL, NULL, NULL, NULL, NULL, NULL),
(15, NULL, NULL, NULL, NULL, NULL, NULL),
(16, 'qmoaqbfl', NULL, NULL, NULL, 'sample@email.tst', NULL),
(17, 'Moona', NULL, NULL, NULL, 'moona_shah22@hotmail.com', 'Hi\r\nI wanted to ask about Css preparatory classes  when your session starts ?'),
(18, 'lfotvmig', '1', '1', '1', 'sample@email.tst', '1'),
(19, 'cfnwbrqr', '1', '1', '1', 'sample@email.tst', '1'),
(20, NULL, NULL, NULL, NULL, NULL, '\r\n'),
(21, NULL, NULL, NULL, NULL, NULL, '\r\n'),
(22, NULL, NULL, NULL, NULL, NULL, NULL),
(23, NULL, NULL, NULL, NULL, NULL, NULL),
(24, NULL, NULL, NULL, NULL, NULL, '\r\n'),
(25, 'qmnvttqk', '1', '1', '1', 'sample@email.tst', '1'),
(26, 'xywglhlp', '1', '1', '1', 'sample@email.tst', '1'),
(27, 'taha', '03224867335', '1234567', '123435', 'tahabinbabar@hotmail.com', 'what are the subjects of f.a and what is the fee of i.com please text me on my cell phone\r\nthank you'),
(28, 'taha', '03224867335', '1234567', '123435', 'tahabinbabar@hotmail.com', 'what are the subjects of f.a and what is the fee of i.com please text me on my cell phone\r\nthank you'),
(29, 'cepblldd', '1', '1', '1', 'sample@email.tst', '1'),
(30, 'hvspulyu', '1', '1', '1', 'sample@email.tst', '1'),
(31, 'bfdatyxek', 'ocqtuz@lifqib.com', 'ocqtuz@lifqib.com', 'ocqtuz@lifqib.com', 'ocqtuz@lifqib.com', 'JyKqWy  <a href="http://vgvqrvcywhvc.com/">vgvqrvcywhvc</a>, [url=http://toknyncqlqmh.com/]toknyncqlqmh[/url], [link=http://hnnbfmiddfpy.com/]hnnbfmiddfpy[/link], http://lstsombvzfrv.com/'),
(32, 'muhammad ali', '0331-5798883', NULL, NULL, 'ash123492@yahoo.co.uk', 'i have completed my graduation from uk can i do master program from this university.'),
(33, 'Muneeb ijaz', '03244977092', 'feb14155', '2014 to 2015', 'muneebijaz06@gmail.com', 'please change my section from b to a.\r\n'),
(34, 'ADNAN SAEED', '03212663148', NULL, NULL, 'adnansaeed2k5@yahoo.com', 'Do you have campus in Islamabad/Rawalpini. If yes, does it offers MBA-Supply Chain'),
(35, 'hpsxiypq', '1', '1', '1', 'sample@email.tst', '1'),
(36, 'yusgtrre', '1', '1', '1', 'sample@email.tst', '1'),
(37, 'cpsrckgy', '1', '1', '1', 'sample@email.tst', '1'),
(38, 'cssduwxe', '1', '1', '1', 'sample@email.tst', '1'),
(39, NULL, NULL, NULL, NULL, NULL, NULL),
(40, 'GHF', 'FG', 'RT', 'RTR R', 'TRRE', 'ERER'),
(41, 'xpftbfuw', '1', '1', '1', 'sample@email.tst', '1'),
(42, 'wlwxqiue', '1', '1', '1', 'sample@email.tst', '1'),
(43, 'vocenvhl', '1', '1', '1', 'sample@email.tst', '1'),
(44, 'vccrqenp', '1', '1', '1', 'sample@email.tst', '1'),
(45, 'apcrlpwr', '1', '1', '1', 'sample@email.tst', '1'),
(46, 'nnjbmibi', NULL, NULL, NULL, 'sample@email.tst', NULL),
(47, 'ufwdcgvf', NULL, NULL, NULL, 'sample@email.tst', NULL),
(48, 'ometkoin', '1', '1', '1', 'sample@email.tst', '1'),
(49, 'kremqxdf', '1', '1', '1', 'sample@email.tst', '1'),
(50, 'lgbavbao', '1', '1', '1', 'sample@email.tst', '1'),
(51, 'sncotuie', '1', '1', '1', 'sample@email.tst', '1'),
(52, 'qjisfrej', '1', '1', '1', 'sample@email.tst', '1'),
(53, 'qjisfrej', '1', '1', '1', 'sample@email.tst', '1'),
(54, 'qjisfrej', '1', '1', '1', 'sample@email.tst', '1'),
(55, 'qjisfrej', '1', '1', '1', 'sample@email.tst', '1'),
(56, 'qjisfrej', '1', '1', '1', 'sample@email.tst', '1'),
(57, 'qjisfrej', '1', '1', '1', 'sample@email.tst', '1'),
(58, 'qjisfrej', '1', '1', '1', 'sample@email.tst', '1'),
(59, 'qjisfrej', '1', '1', '1', 'sample@email.tst', '1'),
(60, 'qjisfrej', '1', '1', '1', 'sample@email.tst', '1'),
(61, 'qjisfrej', '1', '1', '1', 'sample@email.tst', '1'),
(62, 'qjisfrej', '1', '1', '1', 'sample@email.tst', '1'),
(63, 'qjisfrej', '1', '1', '1', 'sample@email.tst', '1'),
(64, 'qjisfrej', '1', '1', '1', 'sample@email.tst', '1'),
(65, 'qjisfrej', '1', '1', '1', 'sample@email.tst', '1'),
(66, 'qjisfrej', '1', '1', '1', 'sample@email.tst', '1'),
(67, 'qjisfrej', '1', '1', '1', 'sample@email.tst', '1'),
(68, 'qjisfrej', '1', '1', '1', 'sample@email.tst', '1'),
(69, 'qjisfrej', '1', '1', '1', 'sample@email.tst', '1'),
(70, 'qjisfrej', '1', '1', '1', 'sample@email.tst', '1'),
(71, 'qjisfrej', '1', '1', '1', 'sample@email.tst', '1'),
(72, 'qjisfrej', '1', '1', '1', 'sample@email.tst', '1'),
(73, 'qjisfrej', '1', '1', '1', 'sample@email.tst', '1'),
(74, 'qjisfrej', '1', '1', '1', 'sample@email.tst', '1'),
(75, 'qjisfrej', '1', '1', '1', 'sample@email.tst', '1'),
(76, 'qjisfrej', '1', '1', '1', 'sample@email.tst', '1'),
(77, 'qjisfrej', '1', '1', '1', 'sample@email.tst', '1'),
(78, 'qjisfrej', '1', '1', '1', 'sample@email.tst', '1'),
(79, 'qjisfrej', '1', '1', '1', 'sample@email.tst', '1'),
(80, 'qjisfrej', '1', '1', '1', 'sample@email.tst', '1'),
(81, 'qjisfrej', '1', '1', '1', 'sample@email.tst', '1'),
(82, 'qjisfrej', '1', '1', '1', 'sample@email.tst', '1'),
(83, 'qjisfrej', '1', '1', '1', 'sample@email.tst', '1'),
(84, 'qjisfrej', '1', '1', '1', 'sample@email.tst', '1'),
(85, 'qjisfrej', '1', '1', '1', 'sample@email.tst', '1'),
(86, 'qjisfrej', '1', '1', '1', 'sample@email.tst', '1'),
(87, 'qjisfrej', '1', '1', '1', 'sample@email.tst', '1'),
(88, 'qjisfrej', '1', '1', '1', 'sample@email.tst', '1'),
(89, 'qjisfrej', '1', '1', '1', 'sample@email.tst', '1'),
(90, 'qjisfrej', '1', '1', '1', 'sample@email.tst', '1'),
(91, 'qjisfrej', '1', '1', '1', 'sample@email.tst', '1'),
(92, 'qjisfrej', '1', '1', '1', 'sample@email.tst', '1'),
(93, 'qjisfrej', '1', '1', '1', 'sample@email.tst', '1'),
(94, 'qjisfrej', '1', '1', '1', 'sample@email.tst', '1'),
(95, 'qjisfrej', '1', '1', '1', 'sample@email.tst', '1'),
(96, 'qjisfrej', '1', '1', '1', 'sample@email.tst', '1'),
(97, 'qjisfrej', '1', '1', '1', 'sample@email.tst', '1'),
(98, 'qjisfrej', '1', '1', '1', 'sample@email.tst', '1'),
(99, 'qjisfrej', '1', '1', '1', 'sample@email.tst', '1'),
(100, 'qjisfrej', '1', '1', '1', 'sample@email.tst', '1'),
(101, 'qjisfrej', '1', '1', '1', 'sample@email.tst', '1'),
(102, 'qjisfrej', '1', '1', '1', 'sample@email.tst', '1'),
(103, 'qjisfrej', '1', '1', '1', 'sample@email.tst', '1'),
(104, 'qjisfrej', '1', '1', '1', 'sample@email.tst', '1'),
(105, 'qjisfrej', '1', '1', '1', 'sample@email.tst', '1'),
(106, 'qjisfrej', '1', '1', '1', 'sample@email.tst', '1'),
(107, 'qjisfrej', '1', '1', '1', 'sample@email.tst', '1'),
(108, 'qjisfrej', '1', '1', '1', 'sample@email.tst', '1'),
(109, 'qjisfrej', '1', '1', '1', 'sample@email.tst', '1'),
(110, 'qjisfrej', '1', '1', '1', 'sample@email.tst', '1'),
(111, 'qjisfrej', '1', '1', '1', 'sample@email.tst', '1'),
(112, 'qjisfrej', '1', '1', '1', 'sample@email.tst', '1'),
(113, 'qjisfrej', '1', '1', '1', 'sample@email.tst', '1'),
(114, 'qjisfrej', '1', '1', '1', 'sample@email.tst', '1'),
(115, 'qjisfrej', '1', '1', '1', 'sample@email.tst', '1'),
(116, 'qjisfrej', '1', '1', '1', 'sample@email.tst', '1'),
(117, 'qjisfrej', '1', '1', '1', 'sample@email.tst', '1'),
(118, 'qjisfrej', '1', '1', '1', 'sample@email.tst', '1'),
(119, 'qjisfrej', '1', '1', '1', 'sample@email.tst', '1'),
(120, 'qjisfrej', '1', '1', '1', 'sample@email.tst', '1'),
(121, 'qjisfrej', '1', '1', '1', 'sample@email.tst', '1'),
(122, 'qjisfrej', '1', '1', '1', 'sample@email.tst', '1'),
(123, 'qjisfrej', '1', '1', '1', 'sample@email.tst', '1'),
(124, 'qjisfrej', '1', '1', '1', 'sample@email.tst', '1'),
(125, 'qjisfrej', '1', '1', '1', 'sample@email.tst', '1'),
(126, 'qjisfrej', '1', '1', '1', 'sample@email.tst', '1'),
(127, 'qjisfrej', '1', '1', '1', 'sample@email.tst', '1'),
(128, 'qjisfrej', '1', '1', '1', 'sample@email.tst', '1'),
(129, 'qjisfrej', '1', '1', '1', 'sample@email.tst', '1'),
(130, 'qjisfrej', '1', '1', '1', 'sample@email.tst', '1'),
(131, 'qjisfrej', '1', '1', '1', 'sample@email.tst', '1'),
(132, 'qjisfrej', '1', '1', '1', 'sample%40email.tst', '1'),
(133, 'qjisfrej', '1', '1', '1', 'sample%40email.tst', '1'),
(134, 'qjisfrej', '1', '1', '1', '-1 or 50=50', '1'),
(135, 'qjisfrej', '1', '1', '1', '-1 or 50=0', '1'),
(136, 'qjisfrej', '1', '1', '1', '-1" or "37"="37', '1'),
(137, 'qjisfrej', '1', '1', '1', '-1" or "37"="0', '1'),
(138, 'qjisfrej', '1', '1', '1', 'sample%40email.tst" and sleep(5.178)="', '1'),
(139, 'qjisfrej', '1', '1', '1', 'sample%40email.tst" or (sleep(5.178)+1) limit 1 --', '1'),
(140, 'qjisfrej', '1', '1', '1', 'sample%40email.tst" or (sleep(0)+1) limit 1 -- ', '1'),
(141, 'qjisfrej', '1', '1', '1', 'sample%40email.tst"=sleep(5.178)="', '1'),
(142, 'qjisfrej', '1', '1', '1', 'sample%40email.tst and sleep(5.178) ', '1'),
(143, 'qjisfrej', '1', '1', '1', 'sample%40email.tst or (sleep(5.178)+1) limit 1 -- ', '1'),
(144, 'qjisfrej', '1', '1', '1', 'sample%40email.tst', '1'),
(145, 'qjisfrej', '1', '1', '1', 'sample%40email.tst', '1'),
(146, 'qjisfrej', '1', '1', '1', '-1 or 103=103', '1'),
(147, 'qjisfrej', '1', '1', '1', '-1 or 103=0', '1'),
(148, 'qjisfrej', '1', '1', '1', '-1" or "87"="87', '1'),
(149, 'qjisfrej', '1', '1', '1', '-1" or "87"="0', '1'),
(150, 'djmfcvrp', '1', '1', '1', 'sample@email.tst', '1'),
(151, 'qrsdjfaj', '1', '1', '1', 'sample@email.tst', '1'),
(152, 'smnxcqjg', '1', '1', '1', 'sample@email.tst', '1'),
(153, 'xtlcrwpo', '1', '1', '1', 'sample@email.tst', '1'),
(154, 'patrik', 'New York', 'New York', 'New York', 'normy273@hotmail.com', 'ADksOL http://www.c1dOvW6eef5JOp8ApWjKQy5RO5mLafkc.com');

-- --------------------------------------------------------

--
-- Table structure for table `su_news`
--

CREATE TABLE IF NOT EXISTS `su_news` (
  `news_id` int(11) unsigned NOT NULL,
  `news_title` varchar(255) NOT NULL,
  `news_sumr` varchar(255) NOT NULL,
  `news_details` text NOT NULL,
  `news_image` varchar(255) NOT NULL,
  `news_date` varchar(255) NOT NULL,
  PRIMARY KEY (`news_id`)
) ENGINE=MyISAM DEFAULT CHARSET=utf8;

--
-- Dumping data for table `su_news`
--

INSERT INTO `su_news` (`news_id`, `news_title`, `news_sumr`, `news_details`, `news_image`, `news_date`) VALUES
(4, 'Interactive session with the pride of Pakistan Dr. Abdul Qadeer Khan', 'Superior University Presents A THOUGHT PROVOKING SEMINAR on FUTURE OF PAKISTAN . Organized by: Superior University Lahore', 'The details of news will appear here.. The details of news will appear here.. The details of news will appear here.. The details of news will appear here.. The details of news will appear here.. The details of news will appear here.. The details of news will appear here.. The details of news will appear here..<br><br> The details of news will appear here.. The details of news will appear here.. The details of news will appear here.. The details of news will appear here.. The details of news will appear here.. The details of news will appear here.. The details of news will appear here.. The details of news will appear here.. The details of news will appear here.. The details of news will appear here.. The details of news will appear here.. The details of news will appear here..<br><br> The details of news will appear here.. The details of news will appear here.. The details of news will appear here.. The details of news will appear here.. The details of news will appear here.. The details of news will appear here.. The details of news will appear here.. The details of news will appear here.. The details of news will appear here.. The details of news will appear here.. The details of news will appear here.. The details of news will appear here..<br><br> The details of news will appear here.. The details of news will appear here.. The details of news will appear here.. The details of news will appear here.. ', '../../Images/News/18128_10151216688333930_1673801777_n.jpg', '2013-02-01');

-- --------------------------------------------------------

--
-- Table structure for table `su_orientationsch`
--

CREATE TABLE IF NOT EXISTS `su_orientationsch` (
  `orien_id` int(11) unsigned NOT NULL,
  `orien_title` varchar(255) NOT NULL,
  `orien_prgm` varchar(255) NOT NULL,
  `orien_venu` varchar(255) NOT NULL,
  `orien_time` varchar(255) NOT NULL,
  `orien_date` varchar(255) NOT NULL,
  `date` varchar(255) NOT NULL,
  PRIMARY KEY (`orien_id`)
) ENGINE=MyISAM DEFAULT CHARSET=utf8;

--
-- Dumping data for table `su_orientationsch`
--

INSERT INTO `su_orientationsch` (`orien_id`, `orien_title`, `orien_prgm`, `orien_venu`, `orien_time`, `orien_date`, `date`) VALUES
(50, 'Semester Programs Orientation', 'MS CS, MS IT, MS EE', 'Auditorium (The Superior College 36-L Campus Lahore)', '06:00-08:00 PM ', 'Mr. Muhammad Azam', 'November 09, 2013'),
(51, 'Semester Programs Orientation', 'MSBA + MSCF + MSE + MBA-1 Year', 'Auditorium (The Superior College 36-L Campus Lahore)', '06:00-8:00 PM  ', 'Dr. Muhammad Ilyas', 'November 09, 2013'),
(56, 'Semester Programs Orientation', 'Doctor of Pharmacy + Doctor of Physiotherapy', 'Superior University Campus, Raiwind Road, Lahore', 'NA', 'NA', 'November 25,2013'),
(58, 'Semester Programs Orientation', 'Bachelors in Economics & Law', 'Superior College of Law, 23-L Gulberg III, Lahore', '09:00 AM', 'Ms Mehwish Moazzam ', 'November 04, 2013');

-- --------------------------------------------------------

--
-- Table structure for table `su_program`
--

CREATE TABLE IF NOT EXISTS `su_program` (
  `pro_id` int(11) unsigned DEFAULT NULL,
  `pro_name` varchar(255) DEFAULT NULL,
  `pro_intro` varchar(255) DEFAULT NULL,
  `pro_banner` varchar(255) DEFAULT NULL,
  `pro_brochure` varchar(255) DEFAULT NULL,
  `pro_tags` varchar(255) DEFAULT NULL,
  `pro_status` varchar(255) DEFAULT NULL,
  `fac_id` varchar(255) DEFAULT NULL,
  `pro_type` varchar(255) DEFAULT NULL
) ENGINE=MyISAM DEFAULT CHARSET=utf8;

--
-- Dumping data for table `su_program`
--

INSERT INTO `su_program` (`pro_id`, `pro_name`, `pro_intro`, `pro_banner`, `pro_brochure`, `pro_tags`, `pro_status`, `fac_id`, `pro_type`) VALUES
(11, 'Ph.D. Business Administration', 'The Ph.D. Program in Business Administration is a demanding researchbased program with an emphasis on generating high quality research output. The program is designed to inculcate the skills and competencies required by active researchers', '../../Images/Gallary/commerce.jpg', '../Images/Gallary/thumb.jpg', 'Tag', 'OK', '5', 'A-Research'),
(12, 'MS/M.Phil Business Administration', 'This unique course focuses on skills for business research and skill-based approach to be both interesting and essential subsequent work. Azra Naheed Center for Research and Development is working hard to create a research culture and under its supervisio', '../../Images/Gallary/econ.jpg', '../../Images/Gallary/thumb.jpg', 'see', 'OK', '5', 'B-PostGrad'),
(13, 'MS/M.Phil Mass Communication Management', 'Every Individual or entity in today', '../../Images/Banner/BS(Hons)_Masscommunication.jpg', '../../Images/Gallary/thumb.jpg', 'see', 'OK', '5', 'A-Research'),
(14, 'MS Construction Management', 'Today', '../../Images/Banner/Bachelors_in_Architecture.jpg', '../../Images/Gallary/thumb.jpg', 'Rich', 'OK', '5', 'B-PostGrad'),
(15, 'Ms/M.Phil Engineering Management', 'In today', '../../Images/Banner/B-Tech_Electrical-(Hons).jpg', '../../Images/Gallary/thumb.jpg', 'Rich', 'OK', '5', 'B-PostGrad'),
(16, 'MBA (Professional)', 'This program is specially designed for Fresh Graduates    <br/> Excellent Teaching Methodologies and Infrastructure maintaining International standards   <br/>  Offering a wide range of specializations in MBA Professional    <br/> Both Morning classes are', '../../Images/Banner/MBA_Professional.jpg', '../../Images/Gallary/thumb.jpg', 'Rich', 'OK', '5', 'B-PostGrad'),
(17, 'MBA (1.5 Years)', 'One year degree program which is the best choice after BBA (Hon', '../../Images/Banner/MBA_After_4_years_BBA.jpg', '../../Images/Gallary/thumb.jpg', 'Rich', 'OK', '5', 'B-PostGrad'),
(18, 'Masters in Mass Communication', 'In this era of globalization both print and electronic media have become the part and parcel of contemporary policies. People now are dependent on media for minute to minute information. This has made mass communication as one of the most prestigious, gla', '../../Images/Banner/BS(Hons)_Masscommunication.jpg', '../../Images/Gallary/thumb.jpg', 'Rich', 'OK', '5', 'B-PostGrad'),
(19, 'MSc Quality Management', ' The Master of Science in Quality Management program is designed to prepare professionals for a top class career in the field of Quality Management within the diverse industrial and service sectors. The curriculum is designed and delivered with the assist', '', '../../Images/Gallary/thumb.jpg', 'Rich', 'OK', '5', 'B-PostGrad'),
(20, 'M.Sc Environment, Health & Safety Management', 'Not Offering . . .', '../../Images/Banner/BBA_Hons.jpg', '../../Images/Gallary/thumb.jpg', 'NA', 'Not OK', '5', 'B-PostGrad'),
(21, 'BS Mass Communication', 'The department of Mass Communication Management has started a new program of Bachelors in Mass Communication. It equips the students with all forms of media and gives practical exposure to the upcoming Superiors of media Industry. <br/> This 4 years degre', '../../Images/Banner/BS(Hons)_Masscommunication.jpg', '../../Images/Gallary/thumb.jpg', 'Rich', 'OK', '5', 'C-UnderGrad'),
(22, 'BS Industrial Management', ' BS Industrial Management as a precursor to its MS/M. Phil program prepares students to enter the industrial market as supervisors, operation managers, human resource technicians and start- up entrepreneurs.  <br/> Research, special projects and independe', '', '../../Images/Gallary/thumb.jpg', 'Rich', 'OK', '5', 'C-UnderGrad'),
(23, 'MS Quality Management', 'Our learning and teaching methodologies with theoretical understanding and practical case study   <br/>  Excellent Infra Structure maintaining International standard    <br/> Our Split Degree Program enables Superior students to get international exposure', '../../Images/Gallary/econ.jpg', '../../Images/Gallary/thumb.jpg', 'Rich', 'OK', '5', 'B-PostGrad'),
(24, 'MS HRM', 'MS Human Resource Management is designed for students having completed their 16 years of education, the students who are willing to launch their career in HR Profession or willing to improve their knowledge & degree in HR specific field . It is a research', '', '../../Images/Gallary/thumb.jpg', 'Rich', 'OK', '5', 'B-PostGrad'),
(25, 'MS Industrial Management', 'Our learning and teaching methodologies with theoretical understanding and practical case study    <br/> Excellent Infra Structure maintaining International standard    <br/> Our Split Degree Program enables Superior students to get international exposure', '', '../../Images/Gallary/thumb.jpg', 'Rich', 'OK', '5', 'B-PostGrad'),
(26, 'Ms/M.Phil Environment, Health & Safety', 'Not Offering . . .', '', '../../Images/Gallary/thumb.jpg', 'NA', 'Not OK', '5', 'B-PostGrad'),
(27, 'MBA (Executive)', 'Not Offering . . .', '../../Images/Banner/MBA_Professional.jpg', '../../Images/Gallary/thumb.jpg', 'NA', 'Not OK', '5', 'B-PostGrad'),
(28, 'MBA (2 years)', ' MBA 2 years : at Superior College is one of the evening programs offered to the candidates who are working in different business set ups and have minimum two years of experience. The on job professionals do understand the importance of MBA in this busine', '../../Images/Banner/MBA_2_years.jpg', '../../Images/Gallary/thumb.jpg', 'Rich', 'OK', '5', 'B-PostGrad'),
(29, 'M.Sc Human Resource Management ', 'If you want to develop a career in HR, our excellently rated Masters in HRM  provides the perfect opportunity to achieve a Research degree and Professional  qualifications at the same time. This program is designed to shape a new  generation of HR profess', '../../Images/Gallary/econ.jpg', '../../Images/Gallary/thumb.jpg', 'Rich', 'OK', '5', 'B-PostGrad'),
(30, 'BBA (Hons.)', 'After BBA Hons you are directly eligible for MS Programs     <br/>Guaranteed job placements for the students who score minimum 3.5 CGPA.    <br/> Our learning and teaching methodologies with theoretical understanding and practical case study     <br/>Stud', '../../Images/Banner/BBA_Hons.jpg', '../../Images/Gallary/thumb.jpg', 'Rich', 'OK', '5', 'C-UnderGrad'),
(31, 'BS Aviation Management', 'No nation can achieve its planned aims without a good educational system that lays strong foundations upon which the superstructure of proficient professionals can be raised. In pursuance of this goal, BS Aviation Management has been designed in such a wa', '../../Images/Banner/BS_Aviation_Management.jpg', '../../Images/Gallary/thumb.jpg', 'Rich', 'OK', '5', 'C-UnderGrad'),
(32, 'MS Computer Sciences', 'MS Computer Science is a two year program which provides specialization in the field of software engineering, networks and artificial intelligences. <br/> It also targets at widening the horizons of students by imparting deeper understanding and knowledge', '../../Images/Banner/MS_Computer_Sciences.jpg', '../../Images/Gallary/thumb.jpg', 'Rich', 'OK', '3', 'B-PostGrad'),
(33, 'BS Computer Sciences', 'BS Computer Science program provides theoretical and practical knowledge of different areas of Computer Science through detailed course work and projects. <br/> The four year program enables students to pursue their careers as software engineers, programm', '../../Images/Banner/BS_Computer_Sciences.jpg', '../../Images/Gallary/thumb.jpg', 'Rich', 'OK', '3', 'C-UnderGrad'),
(34, 'Masters of Information Technology', 'Managed by competent lecturers, trainers, experienced working professionals and scholars    <br/> Excellent Infrastructure maintaining International standards on par with international standards of education.   <br/>  Lab practice is available for student', '../../Images/Banner/Masters_in_Information_Technology.jpg', '../../Images/Gallary/thumb.jpg', 'Rich', 'OK', '3', 'B-PostGrad'),
(35, 'BS Telecommunications', 'Managed by competent lecturers, trainers, experienced working professionals and scholars    <br/> Excellent infrastructure and studies stimulating environment.   <br/>  Indigenous labs for students of BS Telecommunications with particular emphasis on freq', '../../Images/Banner/BS_Telecommunication.jpg', '../../Images/Gallary/thumb.jpg', 'Rich', 'OK', '3', 'C-UnderGrad'),
(36, 'BSc Electrical Engineering', 'The BS Electrical Engineering program is approved by the Higher Education Commission of Pakistan (HEC) while Pakistan Engineering Council (PEC) has given approval to launch this degree. <br/> The mission of the Superior University Electrical Engineering p', '../../Images/Gallary/bannerfet.jpg', '../../Images/Gallary/thumb.jpg', 'Rich', 'OK', '6', 'C-UnderGrad'),
(37, 'BS Aviation Technology', 'Bachelors degree program in Aviation Technology prepares graduates for employment in number of different specialized areas of aviation. Aviation Technology graduates may become professional aircraft designers, aircraft maintenance specialists and more. Ma', '../../Images/Banner/BS_Aviation_Technology.jpg', '../../Images/Gallary/thumb.jpg', 'Rich', 'OK', '6', 'C-UnderGrad'),
(38, 'BS Electrical', 'Superior University has initiated BS Electrical to meet the high demand for electrical technology graduates within and outside the country. The program is based on solid foundation in Mathematics, Physical Science, Computer Programming and Electrical Powe', '../../Images/Banner/B-Tech_Electrical-(Hons).jpg', '../../Images/Gallary/thumb.jpg', 'Rich', 'OK', '6', 'C-UnderGrad'),
(39, 'Bachelor in Architecture ', 'A program that prepares individuals for the independent professional practice of architecture and to conduct research in various aspects of the field including instruction in architectural design, history, and theory; building structures and environmental', '../../Images/Banner/Bachelors_in_Architecture.jpg', '../../Images/Gallary/thumb.jpg', 'Rich', 'OK', '6', 'C-UnderGrad'),
(40, 'MS/M.Phil Economics', 'MS/M.Phil Mass Communication Management', '../../Images/Banner/Masters_in_Business_Economics.jpg', '../../Images/Gallary/thumb.jpg', 'Rich', 'OK', '7', 'B-PostGrad'),
(41, 'MS/M.Phil Commerce & Finance', 'The commerce department is one of the most prestigious department of Superior College where you can find chances of learning through object oriented seminars, workshops on current Commerce and Finance issues. The huge range of support services available i', '../../Images/Gallary/commerce.jpg', '../../Images/Gallary/thumb.jpg', 'Rich', 'OK', '7', 'B-PostGrad'),
(42, 'Masters in Business Economics', 'M.B. Econ is a great merge of economics and business studies which integrates the two closely related fields on an equal basis. This program is well conceived to prepare visionary human resources equipped by theoretically profound business skills in the p', '../../Images/Banner/Masters_in_Business_Economics.jpg', '../../Images/Gallary/thumb.jpg', 'Rich', 'OK', '7', 'B-PostGrad'),
(43, 'M.Com (Morning/ Evening)', 'The commerce department is one of the most prestigious department of Superior College where you can find chances of learning through object oriented seminars, workshops on current Commerce and Business issues. The huge range of support services available ', '../../Images/Gallary/commerce.jpg', '../../Images/Gallary/thumb.jpg', 'Rich', 'OK', '7', 'B-PostGrad'),
(44, 'B.Com (Hons.)', 'The commerce department is one of the most prestigious departments of Superior College where you can find chances of learning through object oriented seminars, workshops on current commerce and business issues. The huge range of support services available', '../../Images/Gallary/commerce.jpg', '../../Images/Gallary/thumb.jpg', 'Rich', 'OK', '7', 'C-UnderGrad'),
(45, 'Doctor of Physiotherapy', 'Physiotherapy is an applied discipline dedicated to the study of human movement and function and its relevance to health and well-being is aimed at optimizing quality of life in both individuals and communities. In order to do this Physiotherapy involves ', '../../Images/Gallary/ANMCinner.jpg', '../../Images/Gallary/thumb.jpg', 'Rich', 'OK', '8', 'B-PostGrad'),
(46, 'MBBS', 'Coming soon...', '../../Images/Banner/MBBS.jpg', '../../Images/Gallary/thumb.jpg', 'Rich', 'OK', '8', 'B-PostGrad'),
(47, 'BS Accounting & Finance ', 'Our Accounting and Finance programs are accredited by the HEC and Foreign Universities leading to exemption from specific examinations. As the professional accountants are considered the key players within an organization because they audit company accoun', '../../Images/Gallary/econ.jpg', '../../Images/Gallary/thumb.jpg', 'Rich', 'OK', '9', 'C-UnderGrad'),
(49, 'Pharm. D', 'Pharm. D (Doctor of Pharmacy) is a 5 Years Professional Degree Programme designed to develop students', '../../Images/Banner/Pharm_D.jpg', '../../Images/Gallary/thumb.jpg', 'Rich', 'OK', '10', 'B-PostGrad'),
(50, 'Ph.D. in Law', '<b>Ph.D. in Law</b><br/> (Approved by HEC)<br/><br/>  Superior College feels proud in commencing Ph.d Programs under the expert guidance of Prof. Dr. Muhammad Naeem, ex-Dean Law, University of the Punjab and the present HEC approved supervisor for teachin', '../../Images/Banner/PhD-Law.jpg', '../../Images/Gallary/thumb.jpg', 'ok', 'OK', '11', 'A-Research'),
(51, 'LL.B', '<b>LL.B</b><br/><br/> Owing to the best faculty, infrastructure and facilities Superior College of Law has been granted highest intake of 750 seats by Punjab University making it the leading and largest institution in the province imparting legal educatio', '../../Images/Banner/LLB-(PU).jpg', '../../Images/Gallary/thumb.jpg', 'ok', 'OK', '11', 'B-PostGrad'),
(52, 'LL.M', '<b>LL.M</b><br/><br/>   (Approved by HEC)<br/>   Superior College feels proud in commencing LLM Programs under the expert guidance of Prof. Dr. Muhammad Naeem, ex-Dean Law, University of the Punjab and the present HEC approved supervisor for teaching LLM ', '../../Images/Banner/PhD-Law.jpg', '../../Images/Gallary/thumb.jpg', 'ok', 'OK', '11', 'B-PostGrad'),
(53, 'Bachelors of Economics and Law', '<b>Bachelors of Economics and Law</b><br/><br/>  First ever institute in Pakistan to start two year HEC recognized Bachelors degree in Economics and Law. It is open to those who have done F.A, FSc, I.Com or equivalent and wish to gain an introductory know', '../../Images/Banner/PhD-Law.jpg', '../../Images/Gallary/thumb.jpg', 'ok', 'OK', '11', 'C-UnderGrad'),
(67, 'M.Sc Economics', 'This masters level program is well conceived to prepare visionary ', '../../Images/Gallary/commerce.jpg', '../../Images/Gallary/thumb.jpg', 'Rich', 'OK', '7', 'B-PostGrad'),
(68, 'MS Electrical', ' Superior University has started MS Electrical with a commitment to contribute to the restricting for our domestic industry. Electrical Engineers have manifold opportunities for exciting careers ranging from designers of robots to factory automation, soft', '../../Images/Banner/B-Tech_Electrical-(Hons).jpg', '../../Images/Gallary/thumb.jpg', 'Rich', 'OK', '6', 'B-PostGrad'),
(69, 'FIA (FOUNDATIONS IN ACCOUNTANCY)', 'First time in the history of Pakistan At Superior Group of Colleges We have specially designed 4 Year Accounting & Finance Degree to ensure that it Responds to the needs and Expectations of the modern Accountancy profession', '../../Images/Banner/FIA.JPG', '../../Images/Gallary/CAT ACCA Broucher(final).pdf', '', 'OK', '9', 'B-PostGrad'),
(70, 'MS Information Technology', 'This degree equips them with  knowledge to develop and run a  whole organization by fulfilling  the technological requirements.', '../../Images/Banner/MS IT.jpg', '../../Images/Gallary/MS_Information_Technology.pdf', 'NA', 'OK', '3', 'B-PostGrad'),
(74, 'MS Project Management', 'In todays highly price conscious era, on time comple-tion of professional level projects is of paramount  importance to save huge expenditure and efforts  involved. Hence, Project Management has become one  of the important specialties in professional fie', '../../Images/Banner/MS PM.jpg', '../../Images/Gallary/MS_Project_Management.pdf', 'NA', 'OK', '5', 'B-PostGrad'),
(75, 'BS Information Technology', 'BS Information Technology degree program four years iternational standard degree Program. This degree is primarily focused on subjects such as software, databases, and networking. In general computer science degrees tend to focus on the mathematical and t', '../../Images/Banner/BS IT.jpg', '../../Images/Gallary/BS_Information_Technology.pdf', 'NA', 'OK', '3', 'C-UnderGrad'),
(76, 'BS Software Engineering', 'Software Engineering is an undergraduate degree program of study in the field of software development for computers in information technology.  "Software Engineering is the systematic development and application of techniques which lead to the creation of', '../../Images/Banner/BS SE.jpg', '../../Images/Gallary/BS_Software_Engineering.pdf', 'NA', 'OK', '3', 'C-UnderGrad'),
(77, 'Masters in Computer Science', ' Master of Science in Information Technology is a graduate degree designed for information technology professionals, it is generally based on core computer science subjects where knowledge can be used for advanced work especially in Information Technology', '../../Images/Banner/MCS.jpg', '../../Images/Gallary/Master_in_Computer_Sciences.pdf', 'NA', 'OK', '3', 'B-PostGrad'),
(78, 'MBA Professional (Evening/ Weekend)', 'This program is specially designed for Fresh Graduates Excellent Teaching Methodologies and Infrastructure maintaining International standards Offering a wide range of specializations in MBA Professional Evening Classes are available for students Guarante', '../../Images/Banner/MBAP.jpg', '../../Images/Gallary/MBA_Professional.pdf', 'NA', 'OK', '5', 'B-PostGrad'),
(80, 'MS/M.Phil Educational Leadership and Management (ELM)', 'The course has been designed for educational professionals who may be based in Pakistan or anywhere in the world and are working as, or aspire to be:<br/><br/>  <ul> <li>       a leader or manager in a school, college or university</li><br/> <li>         ', '../../Images/Banner/1.jpg', '../../Images/Gallary/1.jpg', 'NA', 'OK', '5', 'A-Research');

-- --------------------------------------------------------

--
-- Table structure for table `su_research`
--

CREATE TABLE IF NOT EXISTS `su_research` (
  `pa_id` int(11) unsigned NOT NULL,
  `pa_title` varchar(255) NOT NULL,
  `pa_pyear` varchar(255) NOT NULL,
  `pa_file` varchar(255) NOT NULL,
  `pa_tsource` varchar(255) NOT NULL,
  `pa_author` varchar(255) NOT NULL,
  `pa_language` varchar(255) NOT NULL,
  `pa_city` varchar(255) NOT NULL,
  `pa_publisher` varchar(255) NOT NULL,
  `pa_npages` varchar(255) NOT NULL,
  `pa_editor` varchar(255) NOT NULL,
  `pa_url` varchar(255) NOT NULL,
  PRIMARY KEY (`pa_id`)
) ENGINE=MyISAM DEFAULT CHARSET=utf8;

--
-- Dumping data for table `su_research`
--


-- --------------------------------------------------------

--
-- Table structure for table `su_researchevents`
--

CREATE TABLE IF NOT EXISTS `su_researchevents` (
  `re_id` int(11) unsigned DEFAULT NULL,
  `re_title` varchar(255) DEFAULT NULL,
  `re_details` varchar(255) DEFAULT NULL,
  `re_image` varchar(255) DEFAULT NULL
) ENGINE=MyISAM DEFAULT CHARSET=utf8;

--
-- Dumping data for table `su_researchevents`
--

INSERT INTO `su_researchevents` (`re_id`, `re_title`, `re_details`, `re_image`) VALUES
(6, '<b>ICMR</b>', 'The academic excellence of Superior research conferences can be witnessed from the fact that for the last three years, Azra Naheed Centre for Research and Development (ANCRD) has been providing the opportunity to the researchers through symposia, workshop', '../../Images/Gallary/icmr_logo.jpg'),
(7, 'Writing for Academic Purposes ', 'Azra Naheed Centre for Research & Development (ANCRD) has undertaken a development program on writing for academic purposes. Ms. Maria Iqbal, lead facilitator, has been guiding faculty for academic writing as a social practice and through this development', '../../Images/Gallary/news1.png'),
(8, '<b>Hospital Service Survey   </b>            ', 'With the joint cooperation of Azra Naheed Centre for Research & Development (ANCRD) and a private hospital in Manga Mandi, a survey was conducted regarding the services provided at the hospital. <br> <br>  <b>Market Survey</b> <br> <br>  A market survey w', '../../Images/Gallary/2.png');

-- --------------------------------------------------------

--
-- Table structure for table `su_roadmap`
--

CREATE TABLE IF NOT EXISTS `su_roadmap` (
  `rm_id` int(11) unsigned NOT NULL,
  `pro_id` int(11) unsigned NOT NULL,
  `sem_id` int(11) unsigned NOT NULL,
  `sub_id` int(11) unsigned NOT NULL,
  `rm_chrs` int(11) unsigned NOT NULL,
  PRIMARY KEY (`rm_id`)
) ENGINE=MyISAM DEFAULT CHARSET=utf8;

--
-- Dumping data for table `su_roadmap`
--

INSERT INTO `su_roadmap` (`rm_id`, `pro_id`, `sem_id`, `sub_id`, `rm_chrs`) VALUES
(6, 21, 1, 148, 0),
(7, 21, 1, 945, 0),
(8, 21, 1, 255, 0),
(9, 21, 1, 150, 0),
(10, 21, 1, 256, 0),
(12, 21, 3, 797, 0),
(13, 21, 3, 258, 0),
(14, 21, 3, 259, 0),
(15, 21, 3, 411, 0),
(16, 21, 3, 50, 0),
(17, 21, 3, 518, 0),
(18, 21, 4, 311, 0),
(19, 21, 4, 262, 0),
(20, 21, 4, 263, 0),
(21, 21, 4, 160, 0),
(22, 21, 4, 174, 0),
(23, 21, 4, 266, 0),
(24, 21, 5, 503, 0),
(25, 21, 5, 268, 0),
(26, 21, 5, 180, 0),
(27, 21, 5, 270, 0),
(28, 21, 5, 271, 0),
(29, 21, 6, 272, 0),
(31, 21, 6, 273, 0),
(32, 21, 6, 187, 0),
(33, 21, 6, 274, 0),
(34, 21, 6, 163, 0),
(35, 21, 7, 275, 0),
(36, 21, 7, 276, 0),
(37, 21, 7, 277, 0),
(38, 21, 7, 278, 0),
(39, 21, 7, 279, 0),
(41, 30, 1, 145, 3),
(42, 30, 1, 146, 3),
(43, 30, 1, 147, 3),
(44, 30, 1, 148, 3),
(45, 30, 1, 518, 3),
(47, 30, 3, 150, 3),
(48, 30, 3, 151, 3),
(49, 30, 3, 152, 3),
(50, 30, 3, 153, 3),
(51, 30, 3, 154, 3),
(52, 30, 4, 155, 3),
(53, 30, 4, 156, 3),
(54, 30, 4, 62, 3),
(55, 30, 4, 157, 3),
(56, 21, 8, 280, 0),
(57, 30, 4, 84, 3),
(58, 21, 8, 281, 0),
(59, 21, 8, 282, 0),
(60, 30, 5, 159, 3),
(61, 21, 8, 188, 0),
(62, 30, 5, 16, 3),
(63, 30, 5, 160, 3),
(64, 30, 5, 161, 3),
(65, 30, 5, 403, 3),
(66, 30, 6, 697, 3),
(67, 30, 6, 737, 3),
(68, 30, 6, 164, 3),
(69, 21, 8, 191, 0),
(70, 30, 6, 55, 3),
(71, 21, 9, 185, 0),
(72, 30, 6, 677, 3),
(74, 30, 7, 64, 3),
(75, 30, 7, 166, 3),
(76, 30, 7, 167, 3),
(77, 30, 7, 65, 3),
(78, 21, 9, 283, 0),
(79, 30, 7, 168, 3),
(80, 21, 9, 12, 0),
(81, 21, 9, 13, 0),
(82, 30, 8, 12, 3),
(83, 30, 8, 13, 3),
(84, 21, 9, 68, 0),
(85, 30, 8, 68, 3),
(86, 30, 8, 503, 3),
(87, 30, 8, 504, 3),
(88, 30, 9, 12, 3),
(89, 30, 9, 13, 3),
(90, 30, 9, 68, 3),
(91, 30, 9, 503, 3),
(92, 30, 9, 90, 3),
(93, 30, 9, 341, 6),
(94, 31, 1, 199, 0),
(95, 31, 1, 200, 0),
(96, 31, 1, 201, 0),
(97, 31, 1, 148, 0),
(98, 37, 1, 562, 4),
(99, 31, 1, 203, 0),
(100, 31, 1, 936, 0),
(101, 37, 1, 563, 3),
(102, 31, 3, 205, 0),
(103, 31, 3, 206, 0),
(104, 37, 1, 564, 0),
(105, 37, 1, 565, 3),
(106, 31, 3, 150, 0),
(107, 31, 3, 207, 0),
(108, 31, 3, 153, 0),
(109, 37, 1, 204, 3),
(110, 31, 3, 726, 0),
(111, 37, 3, 567, 4),
(112, 31, 4, 210, 0),
(113, 37, 3, 568, 3),
(114, 37, 3, 569, 3),
(115, 31, 4, 211, 0),
(116, 37, 3, 570, 3),
(117, 31, 4, 734, 0),
(118, 37, 3, 571, 3),
(119, 37, 3, 518, 3),
(120, 37, 4, 572, 3),
(121, 37, 4, 573, 3),
(122, 37, 4, 574, 3),
(123, 31, 4, 411, 0),
(124, 37, 4, 540, 3),
(125, 31, 4, 214, 0),
(126, 37, 4, 575, 3),
(127, 37, 4, 576, 3),
(128, 31, 4, 215, 0),
(129, 37, 5, 577, 3),
(130, 37, 5, 578, 3),
(131, 37, 5, 579, 3),
(132, 31, 5, 216, 0),
(133, 37, 5, 580, 3),
(135, 37, 5, 433, 3),
(136, 37, 5, 582, 3),
(137, 31, 5, 218, 0),
(138, 37, 6, 583, 3),
(139, 31, 5, 155, 0),
(141, 31, 5, 243, 0),
(142, 31, 5, 403, 0),
(143, 31, 5, 217, 0),
(144, 31, 6, 219, 0),
(145, 31, 6, 220, 0),
(146, 31, 6, 221, 0),
(147, 31, 6, 695, 0),
(148, 31, 6, 163, 0),
(149, 31, 6, 223, 0),
(150, 31, 7, 224, 0),
(151, 31, 7, 225, 0),
(152, 31, 7, 226, 0),
(153, 31, 7, 227, 0),
(154, 31, 7, 167, 0),
(155, 30, 7, 229, 0),
(156, 31, 8, 230, 0),
(157, 31, 8, 231, 0),
(158, 31, 8, 232, 0),
(159, 31, 8, 233, 0),
(160, 31, 8, 63, 0),
(161, 31, 9, 234, 0),
(162, 31, 9, 235, 0),
(163, 31, 9, 236, 0),
(164, 31, 9, 237, 0),
(165, 37, 6, 584, 3),
(166, 31, 9, 238, 0),
(167, 37, 6, 585, 3),
(168, 37, 6, 586, 3),
(169, 37, 6, 547, 3),
(170, 37, 6, 588, 4),
(171, 37, 7, 595, 3),
(172, 37, 7, 596, 3),
(173, 37, 7, 597, 3),
(174, 37, 7, 598, 3),
(175, 37, 7, 599, 3),
(176, 37, 7, 600, 3),
(177, 37, 8, 605, 3),
(178, 37, 8, 606, 3),
(179, 37, 8, 607, 3),
(180, 37, 8, 608, 3),
(181, 37, 8, 609, 3),
(182, 37, 8, 610, 3),
(183, 37, 9, 615, 3),
(184, 37, 9, 247, 3),
(185, 37, 9, 616, 3),
(186, 37, 9, 617, 3),
(187, 33, 1, 394, 4),
(188, 35, 1, 373, 3),
(189, 35, 1, 394, 4),
(190, 33, 1, 395, 3),
(191, 35, 1, 395, 3),
(192, 33, 1, 431, 4),
(193, 35, 1, 431, 4),
(194, 33, 1, 463, 3),
(195, 35, 1, 397, 3),
(196, 33, 1, 398, 3),
(197, 35, 1, 403, 3),
(198, 35, 3, 513, 4),
(199, 33, 3, 513, 4),
(200, 35, 3, 432, 4),
(201, 33, 3, 520, 3),
(202, 35, 3, 433, 4),
(203, 35, 3, 434, 3),
(204, 35, 3, 459, 3),
(205, 35, 3, 460, 3),
(206, 35, 4, 383, 4),
(207, 35, 4, 457, 4),
(208, 35, 4, 436, 4),
(209, 35, 4, 312, 3),
(210, 35, 4, 461, 3),
(211, 35, 5, 437, 4),
(212, 35, 5, 483, 4),
(213, 35, 5, 439, 4),
(214, 35, 5, 440, 3),
(215, 35, 5, 482, 3),
(216, 35, 5, 465, 3),
(217, 35, 6, 442, 4),
(218, 33, 3, 401, 4),
(219, 33, 3, 434, 3),
(220, 35, 6, 443, 4),
(221, 33, 3, 403, 3),
(222, 33, 3, 460, 3),
(223, 35, 6, 375, 3),
(224, 35, 6, 380, 3),
(225, 33, 4, 383, 4),
(226, 35, 6, 444, 3),
(227, 33, 4, 405, 3),
(228, 35, 7, 445, 3),
(229, 35, 7, 446, 4),
(230, 33, 4, 406, 3),
(231, 35, 7, 447, 3),
(232, 35, 7, 448, 4),
(233, 35, 7, 449, 3),
(234, 35, 8, 450, 3),
(235, 35, 8, 364, 3),
(236, 35, 8, 451, 3),
(237, 35, 8, 452, 4),
(238, 35, 9, 453, 4),
(239, 35, 9, 456, 3),
(240, 35, 9, 455, 3),
(241, 35, 9, 341, 6),
(242, 33, 4, 407, 3),
(243, 33, 4, 461, 3),
(244, 33, 4, 459, 3),
(245, 33, 5, 409, 3),
(246, 33, 5, 410, 3),
(247, 33, 5, 482, 3),
(248, 33, 5, 411, 3),
(249, 33, 5, 412, 3),
(250, 33, 5, 346, 4),
(251, 33, 6, 413, 3),
(252, 33, 6, 414, 3),
(253, 33, 6, 380, 3),
(254, 33, 6, 375, 3),
(255, 33, 6, 465, 3),
(256, 33, 7, 824, 3),
(257, 33, 7, 417, 3),
(258, 33, 7, 444, 3),
(259, 33, 7, 347, 4),
(260, 33, 7, 465, 3),
(261, 33, 7, 738, 3),
(262, 33, 8, 421, 3),
(263, 33, 8, 422, 3),
(264, 33, 8, 423, 3),
(265, 33, 8, 424, 3),
(266, 33, 8, 425, 3),
(267, 33, 9, 426, 3),
(268, 33, 9, 427, 3),
(269, 33, 9, 664, 3),
(270, 33, 9, 429, 6),
(271, 38, 1, 505, 2),
(272, 38, 1, 511, 3),
(273, 38, 1, 935, 3),
(274, 22, 1, 298, 3),
(275, 22, 1, 299, 3),
(276, 22, 1, 300, 3),
(277, 22, 1, 301, 3),
(278, 22, 1, 518, 3),
(279, 22, 3, 303, 3),
(280, 22, 3, 304, 3),
(281, 22, 3, 257, 3),
(282, 22, 3, 482, 3),
(283, 22, 3, 307, 3),
(284, 22, 4, 308, 3),
(285, 22, 4, 309, 3),
(289, 22, 4, 310, 3),
(290, 22, 4, 150, 3),
(291, 22, 4, 261, 3),
(292, 22, 5, 407, 3),
(293, 22, 5, 411, 3),
(294, 22, 5, 313, 3),
(295, 22, 5, 936, 3),
(296, 22, 5, 315, 3),
(297, 22, 6, 165, 3),
(298, 22, 6, 316, 3),
(299, 22, 6, 249, 3),
(300, 22, 6, 505, 3),
(301, 22, 6, 942, 3),
(302, 22, 7, 695, 3),
(303, 22, 7, 388, 3),
(304, 22, 7, 320, 3),
(305, 22, 7, 321, 3),
(306, 22, 7, 322, 3),
(307, 22, 8, 737, 3),
(308, 22, 8, 323, 3),
(309, 22, 8, 324, 3),
(310, 22, 8, 325, 3),
(311, 22, 8, 326, 3),
(312, 22, 9, 163, 3),
(313, 22, 8, 327, 3),
(314, 22, 9, 328, 3),
(315, 22, 9, 329, 3),
(316, 22, 9, 330, 3),
(320, 44, 1, 50, 3),
(321, 44, 1, 472, 3),
(322, 44, 1, 936, 3),
(323, 44, 3, 725, 4),
(324, 44, 3, 262, 3),
(325, 44, 3, 674, 3),
(326, 44, 3, 459, 3),
(327, 44, 3, 518, 3),
(328, 44, 3, 80, 3),
(329, 44, 4, 727, 3),
(330, 44, 4, 701, 3),
(331, 44, 4, 161, 3),
(332, 44, 4, 729, 3),
(333, 44, 4, 730, 3),
(334, 44, 5, 731, 3),
(335, 44, 5, 732, 3),
(336, 44, 5, 696, 3),
(337, 44, 5, 733, 3),
(338, 44, 5, 734, 3),
(339, 44, 6, 150, 3),
(340, 44, 6, 411, 3),
(341, 44, 6, 11, 3),
(342, 44, 6, 677, 3),
(343, 44, 6, 130, 3),
(344, 44, 7, 735, 3),
(345, 44, 7, 247, 3),
(346, 44, 7, 736, 3),
(347, 44, 7, 737, 3),
(348, 44, 7, 826, 3),
(349, 44, 7, 738, 3),
(350, 44, 8, 268, 3),
(351, 44, 8, 739, 3),
(352, 44, 8, 705, 3),
(353, 44, 8, 741, 3),
(354, 44, 8, 742, 3),
(355, 44, 9, 163, 3),
(356, 44, 9, 743, 3),
(357, 44, 9, 10, 3),
(358, 44, 9, 744, 3),
(359, 53, 1, 934, 0),
(360, 53, 1, 935, 0),
(361, 53, 1, 936, 0),
(362, 53, 1, 792, 0),
(363, 53, 3, 257, 0),
(364, 53, 3, 937, 0),
(365, 53, 3, 802, 0),
(366, 53, 3, 674, 0),
(367, 53, 3, 518, 0),
(368, 53, 3, 938, 0),
(369, 53, 4, 261, 0),
(370, 53, 4, 939, 0),
(371, 53, 4, 940, 0),
(372, 53, 4, 223, 0),
(373, 53, 5, 941, 0),
(374, 53, 5, 942, 0),
(375, 53, 5, 943, 0),
(376, 53, 5, 944, 0),
(377, 53, 5, 945, 0),
(378, 45, 1, 755, 0),
(379, 45, 1, 756, 0),
(380, 45, 1, 757, 0),
(381, 45, 1, 398, 0),
(382, 45, 1, 758, 0),
(383, 45, 3, 759, 0),
(384, 45, 3, 760, 0),
(385, 45, 3, 761, 0),
(386, 45, 3, 518, 0),
(387, 45, 3, 762, 0),
(388, 45, 4, 763, 0),
(389, 45, 4, 764, 0),
(390, 45, 4, 765, 0),
(391, 45, 4, 766, 0),
(392, 45, 4, 761, 0),
(393, 45, 5, 767, 0),
(394, 45, 5, 768, 0),
(395, 45, 5, 769, 0),
(396, 45, 5, 770, 0),
(397, 45, 5, 772, 0),
(398, 45, 6, 773, 0),
(399, 45, 6, 774, 0),
(400, 45, 6, 775, 0),
(401, 45, 6, 776, 0),
(402, 45, 6, 772, 0),
(403, 45, 7, 777, 0),
(404, 45, 7, 778, 0),
(405, 45, 7, 779, 0),
(406, 45, 7, 780, 0),
(407, 45, 7, 772, 0),
(408, 45, 8, 781, 0),
(409, 45, 8, 782, 0),
(410, 45, 8, 783, 0),
(411, 45, 8, 34, 0),
(412, 45, 8, 772, 0),
(413, 45, 9, 785, 0),
(414, 45, 9, 786, 0),
(415, 45, 9, 787, 0),
(416, 45, 9, 788, 0),
(417, 45, 9, 772, 0),
(418, 45, 10, 789, 0),
(419, 45, 10, 783, 0),
(420, 45, 10, 12, 0),
(421, 45, 10, 91, 0),
(422, 45, 10, 772, 0),
(423, 45, 11, 790, 0),
(424, 45, 11, 791, 0),
(425, 45, 11, 12, 0),
(426, 45, 11, 13, 0),
(427, 45, 11, 772, 0),
(429, 49, 1, 834, 3),
(430, 49, 1, 835, 3),
(431, 49, 1, 836, 3),
(432, 49, 1, 837, 3),
(433, 49, 1, 838, 3),
(434, 49, 1, 839, 2),
(435, 49, 3, 844, 3),
(436, 49, 3, 845, 3),
(437, 49, 3, 849, 3),
(438, 49, 3, 847, 3),
(439, 49, 3, 848, 4),
(440, 49, 4, 850, 3),
(441, 49, 4, 851, 3),
(442, 49, 4, 946, 3),
(443, 49, 4, 852, 3),
(444, 49, 4, 518, 3),
(445, 49, 5, 854, 3),
(446, 49, 5, 855, 3),
(447, 49, 5, 856, 3),
(448, 49, 5, 859, 3),
(449, 49, 5, 936, 3),
(450, 49, 6, 860, 3),
(451, 49, 6, 861, 3),
(452, 49, 6, 862, 3),
(453, 49, 6, 863, 3),
(454, 49, 6, 864, 3),
(455, 49, 6, 865, 3),
(456, 49, 7, 874, 3),
(457, 49, 7, 869, 3),
(458, 49, 7, 870, 3),
(459, 49, 7, 875, 3),
(460, 49, 7, 872, 3),
(461, 49, 7, 873, 4),
(462, 49, 8, 876, 3),
(463, 49, 8, 877, 3),
(464, 49, 8, 878, 3),
(465, 49, 8, 879, 3),
(466, 49, 8, 880, 3),
(467, 49, 9, 881, 3),
(468, 49, 9, 882, 3),
(469, 49, 9, 883, 3),
(470, 49, 9, 884, 3),
(471, 49, 9, 899, 3),
(472, 49, 10, 887, 3),
(473, 49, 10, 888, 3),
(477, 49, 10, 889, 3),
(479, 49, 10, 890, 3),
(480, 49, 10, 891, 3),
(481, 49, 11, 897, 3),
(482, 49, 11, 893, 3),
(483, 49, 11, 896, 3),
(484, 49, 11, 895, 1),
(485, 47, 1, 824, 3),
(486, 47, 1, 792, 3),
(487, 47, 1, 793, 3),
(488, 47, 1, 154, 3),
(489, 47, 1, 794, 3),
(490, 47, 3, 795, 3),
(491, 47, 3, 674, 3),
(492, 47, 3, 796, 3),
(493, 47, 3, 245, 3),
(494, 47, 3, 797, 3),
(495, 47, 4, 727, 3),
(496, 47, 4, 798, 3),
(497, 47, 4, 411, 3),
(498, 47, 4, 799, 3),
(499, 47, 4, 800, 3),
(500, 47, 5, 677, 3),
(501, 47, 5, 801, 3),
(502, 47, 5, 802, 3),
(503, 47, 5, 803, 3),
(504, 47, 5, 804, 3),
(505, 47, 6, 805, 3),
(506, 47, 6, 826, 3),
(507, 47, 6, 806, 3),
(508, 47, 6, 944, 3),
(509, 47, 6, 808, 3),
(510, 47, 7, 809, 3),
(511, 47, 7, 14, 3),
(512, 47, 7, 811, 3),
(513, 47, 7, 812, 3),
(514, 47, 8, 813, 3),
(515, 47, 8, 814, 3),
(516, 47, 8, 156, 3),
(517, 47, 8, 831, 3),
(518, 47, 8, 816, 3),
(519, 47, 9, 817, 3),
(520, 47, 9, 690, 3),
(521, 47, 9, 818, 3),
(522, 47, 9, 819, 3),
(523, 47, 10, 663, 10),
(524, 47, 10, 664, 2),
(525, 47, 10, 651, 2),
(526, 47, 10, 652, 2),
(527, 47, 11, 821, 10),
(528, 47, 11, 651, 3),
(529, 47, 11, 652, 3),
(530, 39, 1, 622, 6),
(531, 39, 1, 623, 3),
(532, 39, 1, 624, 2),
(533, 39, 1, 625, 2),
(534, 39, 1, 626, 3),
(535, 39, 1, 627, 2),
(536, 39, 3, 628, 6),
(537, 39, 3, 629, 2),
(538, 39, 3, 631, 2),
(539, 39, 3, 633, 3),
(540, 39, 3, 634, 2),
(541, 39, 4, 635, 6),
(542, 39, 4, 636, 2),
(543, 39, 4, 637, 2),
(544, 39, 4, 638, 3),
(545, 39, 4, 639, 2),
(546, 39, 4, 640, 2),
(547, 39, 5, 641, 6),
(548, 39, 5, 642, 2),
(549, 39, 5, 643, 2),
(550, 39, 5, 648, 3),
(551, 39, 5, 645, 3),
(552, 39, 5, 651, 3),
(553, 39, 6, 647, 8),
(554, 39, 6, 648, 3),
(555, 39, 6, 649, 2),
(556, 39, 6, 650, 2),
(557, 39, 6, 651, 3),
(558, 39, 6, 652, 1),
(559, 39, 7, 653, 8),
(560, 39, 7, 654, 2),
(561, 39, 7, 655, 3),
(562, 39, 7, 651, 3),
(563, 39, 7, 652, 2),
(564, 39, 8, 656, 8),
(565, 39, 8, 657, 2),
(566, 39, 8, 658, 2),
(567, 39, 8, 659, 2),
(568, 39, 8, 660, 3),
(569, 39, 9, 948, 8),
(570, 39, 9, 661, 2),
(571, 39, 9, 253, 2),
(572, 39, 9, 651, 3),
(573, 39, 9, 652, 2),
(574, 39, 10, 663, 10),
(575, 39, 10, 664, 2),
(576, 39, 10, 651, 3),
(577, 39, 10, 652, 2),
(578, 39, 11, 821, 10),
(579, 39, 11, 651, 3),
(580, 39, 11, 652, 2),
(581, 16, 1, 150, 3),
(582, 16, 1, 156, 3),
(583, 16, 1, 50, 3),
(584, 16, 1, 824, 3),
(585, 16, 1, 52, 3),
(586, 16, 3, 193, 3),
(587, 16, 3, 59, 3),
(588, 16, 3, 60, 3),
(589, 16, 3, 61, 3),
(590, 16, 3, 62, 3),
(591, 16, 4, 163, 3),
(592, 16, 4, 11, 3),
(593, 16, 4, 55, 3),
(594, 16, 4, 16, 3),
(595, 16, 4, 57, 3),
(596, 16, 5, 737, 3),
(597, 16, 5, 64, 3),
(598, 16, 5, 131, 3),
(599, 16, 5, 66, 3),
(600, 16, 5, 168, 3),
(601, 16, 6, 88, 3),
(602, 16, 6, 13, 3),
(603, 16, 6, 68, 3),
(604, 16, 6, 503, 3),
(605, 16, 6, 90, 3),
(606, 16, 7, 12, 3),
(607, 16, 7, 13, 3),
(608, 16, 7, 68, 3),
(609, 16, 7, 503, 3),
(610, 27, 1, 150, 3),
(611, 27, 1, 80, 3),
(612, 27, 1, 81, 3),
(613, 27, 1, 824, 3),
(614, 27, 1, 52, 3),
(615, 27, 3, 193, 3),
(616, 27, 3, 156, 3),
(617, 27, 3, 60, 3),
(618, 27, 3, 388, 3),
(619, 27, 3, 245, 3),
(620, 27, 4, 163, 3),
(621, 27, 4, 85, 3),
(622, 27, 4, 86, 3),
(623, 27, 4, 64, 3),
(624, 27, 4, 116, 3),
(625, 27, 5, 12, 3),
(626, 27, 5, 13, 3),
(627, 27, 5, 68, 3),
(628, 27, 5, 503, 3),
(629, 27, 5, 90, 3),
(630, 27, 6, 12, 3),
(631, 27, 6, 13, 3),
(632, 27, 6, 68, 3),
(633, 27, 6, 503, 3),
(634, 18, 1, 170, 3),
(635, 18, 1, 171, 3),
(636, 18, 1, 150, 3),
(637, 18, 1, 172, 3),
(638, 18, 1, 403, 3),
(639, 18, 1, 173, 3),
(640, 18, 3, 174, 3),
(641, 18, 3, 175, 3),
(642, 18, 3, 173, 3),
(643, 18, 3, 193, 3),
(644, 18, 3, 196, 3),
(645, 18, 3, 194, 3),
(646, 18, 4, 180, 3),
(647, 18, 4, 181, 3),
(648, 18, 4, 182, 3),
(649, 18, 4, 183, 3),
(650, 18, 4, 184, 3),
(651, 18, 5, 185, 3),
(652, 18, 5, 283, 3),
(653, 18, 5, 187, 3),
(654, 18, 5, 197, 3),
(655, 18, 5, 191, 3),
(656, 18, 5, 192, 3),
(662, 34, 3, 513, 4),
(664, 34, 3, 405, 3),
(667, 34, 3, 382, 3),
(673, 34, 4, 364, 3),
(674, 34, 5, 243, 3),
(675, 34, 5, 389, 3),
(678, 13, 1, 32, 3),
(679, 13, 1, 33, 3),
(680, 13, 1, 784, 3),
(681, 13, 1, 35, 4),
(682, 67, 1, 707, 3),
(683, 67, 1, 708, 3),
(684, 67, 1, 940, 3),
(685, 67, 1, 709, 3),
(686, 67, 1, 710, 3),
(687, 67, 3, 711, 3),
(688, 67, 3, 712, 3),
(689, 67, 3, 403, 3),
(690, 67, 3, 713, 3),
(691, 67, 3, 714, 3),
(692, 67, 4, 692, 3),
(693, 67, 4, 715, 3),
(694, 67, 4, 253, 3),
(695, 67, 4, 716, 3),
(696, 67, 4, 717, 3),
(697, 67, 5, 718, 3),
(698, 67, 5, 683, 3),
(699, 67, 5, 720, 3),
(700, 67, 5, 721, 3),
(701, 67, 5, 722, 3),
(702, 42, 1, 792, 3),
(703, 42, 1, 674, 3),
(704, 42, 1, 150, 3),
(705, 42, 1, 824, 3),
(706, 42, 1, 80, 3),
(707, 42, 3, 11, 3),
(708, 42, 3, 676, 3),
(709, 42, 3, 677, 3),
(710, 42, 3, 678, 3),
(711, 42, 3, 734, 3),
(712, 42, 4, 163, 3),
(713, 42, 4, 680, 3),
(714, 42, 4, 696, 3),
(715, 42, 4, 695, 3),
(716, 42, 5, 683, 3),
(717, 42, 5, 14, 3),
(718, 42, 5, 64, 3),
(719, 42, 5, 88, 3),
(720, 42, 5, 13, 3),
(721, 42, 5, 192, 3),
(722, 43, 1, 824, 3),
(723, 43, 1, 694, 3),
(724, 43, 1, 159, 3),
(725, 43, 1, 11, 3),
(726, 43, 1, 388, 3),
(727, 43, 3, 695, 3),
(728, 43, 3, 156, 3),
(729, 43, 3, 696, 3),
(730, 43, 3, 677, 3),
(731, 43, 3, 163, 3),
(732, 43, 4, 732, 3),
(733, 43, 4, 727, 3),
(734, 43, 4, 700, 3),
(735, 43, 4, 701, 3),
(736, 43, 4, 14, 3),
(737, 43, 5, 702, 3),
(738, 43, 5, 826, 3),
(739, 43, 5, 729, 3),
(740, 43, 5, 705, 3),
(741, 43, 5, 706, 3),
(742, 13, 3, 37, 4),
(743, 13, 3, 38, 3),
(744, 13, 3, 39, 3),
(745, 13, 3, 949, 1),
(746, 13, 4, 950, 6),
(747, 13, 4, 951, 3),
(748, 50, 1, 900, 3),
(749, 50, 1, 901, 3),
(750, 49, 1, 902, 3),
(751, 50, 3, 916, 3),
(752, 50, 3, 904, 3),
(753, 50, 3, 902, 3),
(754, 50, 18, 905, 12),
(756, 12, 1, 10, 3),
(761, 12, 3, 15, 3),
(774, 41, 19, 341, 6),
(775, 40, 1, 666, 3),
(779, 40, 3, 670, 3),
(780, 40, 3, 671, 3),
(783, 40, 19, 341, 6),
(784, 24, 1, 141, 3),
(786, 24, 1, 247, 3),
(788, 24, 3, 336, 3),
(789, 24, 3, 337, 3),
(793, 24, 4, 339, 3),
(796, 24, 5, 341, 6),
(797, 52, 1, 906, 4),
(798, 52, 1, 907, 4),
(799, 52, 3, 913, 4),
(800, 52, 3, 918, 4),
(801, 52, 4, 910, 4),
(802, 52, 4, 253, 4),
(803, 52, 5, 8, 6),
(805, 32, 1, 343, 3),
(806, 32, 1, 344, 3),
(807, 32, 1, 345, 3),
(808, 32, 3, 346, 3),
(811, 32, 4, 349, 3),
(814, 23, 1, 141, 3),
(818, 23, 1, 247, 3),
(824, 23, 4, 252, 3),
(827, 23, 5, 341, 6),
(828, 25, 1, 141, 3),
(830, 25, 1, 247, 3),
(834, 25, 3, 954, 3),
(835, 25, 3, 332, 9),
(836, 25, 4, 19, 3),
(837, 25, 4, 333, 3),
(838, 25, 4, 253, 3),
(839, 25, 4, 332, 9),
(840, 25, 5, 341, 6),
(841, 14, 1, 40, 3),
(842, 14, 1, 41, 3),
(843, 14, 1, 42, 3),
(844, 14, 3, 163, 3),
(845, 14, 3, 45, 3),
(846, 14, 3, 115, 3),
(847, 14, 4, 43, 3),
(848, 14, 4, 44, 3),
(849, 14, 5, 47, 8),
(850, 68, 1, 955, 3),
(851, 68, 1, 956, 3),
(852, 68, 1, 12, 3),
(853, 68, 1, 13, 3),
(854, 68, 3, 68, 3),
(855, 68, 3, 503, 3),
(856, 68, 3, 958, 3),
(857, 68, 3, 959, 3),
(858, 68, 4, 957, 6),
(859, 69, 1, 824, 3),
(860, 69, 1, 792, 3),
(861, 69, 1, 793, 3),
(862, 69, 1, 154, 3),
(863, 69, 1, 935, 3),
(864, 69, 1, 747, 3),
(865, 69, 3, 11, 3),
(866, 69, 3, 796, 3),
(867, 69, 3, 516, 3),
(868, 69, 3, 797, 3),
(869, 69, 4, 727, 3),
(870, 69, 4, 798, 3),
(871, 69, 4, 411, 3),
(872, 69, 4, 799, 3),
(873, 69, 4, 800, 3),
(874, 69, 4, 960, 3),
(875, 69, 5, 677, 3),
(876, 69, 5, 801, 3),
(877, 69, 5, 802, 3),
(878, 69, 5, 803, 3),
(879, 69, 5, 804, 3),
(880, 69, 6, 805, 3),
(881, 69, 6, 826, 3),
(882, 69, 6, 806, 3),
(883, 69, 6, 807, 3),
(884, 69, 6, 808, 3),
(885, 69, 7, 809, 3),
(886, 69, 7, 14, 3),
(887, 69, 7, 810, 3),
(889, 70, 1, 961, 3),
(891, 70, 3, 963, 3),
(892, 70, 3, 34, 3),
(893, 70, 3, 12, 3),
(894, 70, 1, 962, 3),
(895, 70, 4, 13, 3),
(896, 70, 4, 964, 3),
(897, 70, 5, 965, 3),
(898, 70, 4, 6, 3),
(899, 75, 1, 966, 3),
(900, 75, 1, 394, 4),
(901, 75, 1, 395, 3),
(902, 75, 1, 967, 3),
(903, 75, 1, 626, 3),
(904, 11, 1, 135, 3),
(906, 11, 1, 968, 3),
(909, 78, 1, 150, 3),
(910, 78, 1, 59, 3),
(911, 78, 1, 50, 3),
(912, 78, 1, 824, 3),
(913, 78, 1, 52, 3),
(914, 78, 3, 969, 3),
(915, 78, 3, 156, 3),
(916, 78, 3, 677, 3),
(917, 78, 3, 61, 3),
(918, 78, 3, 62, 3),
(919, 78, 4, 721, 3),
(920, 78, 4, 11, 3),
(921, 78, 4, 16, 3),
(922, 78, 4, 57, 3),
(923, 78, 5, 737, 3),
(924, 78, 4, 55, 3),
(925, 78, 5, 64, 3),
(926, 78, 5, 65, 3),
(927, 78, 5, 166, 3),
(928, 78, 5, 168, 3),
(929, 78, 6, 12, 3),
(930, 78, 6, 13, 3),
(931, 78, 6, 68, 3),
(932, 78, 6, 503, 3),
(933, 78, 6, 90, 3),
(934, 78, 7, 88, 3),
(935, 78, 7, 13, 3),
(936, 78, 7, 68, 3),
(937, 78, 7, 503, 3),
(938, 78, 7, 90, 3),
(939, 44, 20, 423, 3),
(940, 33, 20, 971, 3),
(941, 75, 20, 460, 3),
(942, 75, 3, 460, 3),
(943, 75, 3, 513, 3),
(944, 75, 3, 973, 3),
(945, 75, 3, 634, 3),
(946, 75, 3, 518, 3),
(947, 75, 4, 520, 3),
(948, 75, 4, 383, 3),
(949, 75, 4, 482, 3),
(950, 75, 4, 660, 3),
(951, 75, 4, 471, 3),
(952, 75, 4, 976, 3),
(953, 75, 5, 415, 3),
(954, 44, 5, 979, 3),
(955, 75, 5, 155, 3),
(956, 75, 5, 979, 3),
(957, 75, 5, 312, 3),
(958, 75, 5, 980, 3),
(959, 75, 20, 977, 3),
(960, 75, 5, 977, 3),
(961, 75, 6, 981, 3),
(962, 75, 6, 982, 3),
(963, 75, 6, 983, 3),
(964, 75, 6, 985, 3),
(965, 75, 6, 986, 3),
(966, 75, 6, 799, 3),
(967, 75, 7, 989, 3),
(968, 75, 7, 990, 3),
(969, 75, 7, 987, 3),
(970, 75, 7, 991, 3),
(971, 75, 7, 988, 3),
(972, 75, 7, 992, 3),
(973, 75, 8, 993, 0),
(974, 75, 8, 994, 3),
(975, 75, 8, 995, 3),
(976, 75, 8, 364, 3),
(977, 75, 8, 997, 3),
(978, 75, 8, 998, 3),
(979, 75, 9, 999, 6),
(980, 75, 9, 1000, 3),
(981, 75, 9, 664, 3),
(982, 75, 9, 1001, 3),
(983, 76, 1, 373, 4),
(984, 76, 1, 394, 4),
(985, 76, 1, 395, 3),
(986, 76, 1, 1002, 4),
(987, 76, 1, 398, 3),
(988, 76, 1, 149, 3),
(989, 76, 3, 460, 3),
(990, 76, 3, 513, 4),
(991, 76, 3, 967, 4),
(992, 76, 3, 1004, 3),
(993, 76, 3, 634, 3),
(994, 76, 3, 520, 3),
(995, 76, 4, 378, 3),
(996, 76, 4, 975, 3),
(997, 76, 4, 1005, 3),
(998, 76, 4, 482, 3),
(999, 76, 4, 660, 3),
(1000, 76, 5, 380, 3),
(1001, 76, 5, 1006, 3),
(1002, 76, 5, 1007, 3),
(1003, 76, 5, 1008, 3),
(1004, 76, 5, 1009, 3),
(1005, 76, 5, 407, 3),
(1006, 76, 4, 406, 3),
(1007, 76, 6, 1009, 3),
(1008, 76, 6, 375, 3),
(1009, 76, 6, 1010, 3),
(1010, 76, 6, 1011, 3),
(1011, 76, 6, 1012, 3),
(1012, 76, 7, 1013, 3),
(1013, 76, 7, 1014, 3),
(1014, 76, 7, 1015, 3),
(1015, 76, 7, 1010, 3),
(1016, 76, 7, 1016, 3),
(1017, 76, 7, 1017, 3),
(1018, 76, 8, 1018, 3),
(1019, 76, 8, 386, 3),
(1020, 76, 8, 1019, 3),
(1021, 76, 8, 1020, 3),
(1022, 76, 8, 992, 3),
(1023, 76, 8, 1021, 3),
(1024, 76, 9, 1022, 3),
(1025, 76, 9, 1023, 3),
(1026, 76, 9, 1024, 3),
(1027, 76, 9, 1025, 3),
(1028, 77, 1, 1026, 3),
(1029, 77, 1, 394, 3),
(1030, 77, 1, 373, 3),
(1031, 77, 1, 432, 3),
(1032, 77, 1, 1005, 3),
(1033, 77, 1, 375, 3),
(1034, 77, 3, 513, 3),
(1035, 77, 3, 406, 3),
(1037, 77, 3, 382, 3),
(1038, 77, 3, 378, 3),
(1039, 77, 3, 380, 3),
(1040, 77, 4, 975, 3),
(1041, 77, 4, 410, 3),
(1042, 77, 4, 421, 3),
(1043, 77, 4, 346, 3),
(1044, 77, 4, 347, 3),
(1045, 77, 4, 1018, 3),
(1046, 77, 5, 992, 3),
(1047, 77, 5, 427, 3),
(1048, 77, 5, 1028, 3),
(1049, 77, 5, 347, 3),
(1050, 77, 5, 348, 3),
(1051, 15, 1, 1029, 3),
(1052, 15, 1, 1030, 3),
(1053, 15, 1, 1031, 3),
(1054, 15, 3, 1032, 3),
(1055, 15, 3, 243, 3),
(1056, 15, 3, 1033, 3),
(1057, 15, 4, 1034, 3),
(1058, 15, 4, 1035, 3),
(1059, 15, 5, 905, 8),
(1060, 17, 1, 9, 36),
(1061, 17, 3, 14, 36),
(1062, 17, 22, 141, 36),
(1063, 20, 1, 48, 3),
(1064, 20, 1, 411, 3),
(1065, 20, 1, 81, 3),
(1066, 20, 3, 824, 3),
(1067, 17, 1, 10, 36),
(1068, 20, 3, 52, 3),
(1069, 17, 1, 11, 36),
(1070, 20, 3, 80, 3),
(1071, 20, 4, 242, 3),
(1072, 17, 1, 527, 36),
(1073, 20, 4, 49, 3),
(1074, 17, 1, 531, 36),
(1075, 20, 4, 677, 3),
(1076, 20, 5, 388, 3),
(1077, 17, 3, 15, 36),
(1078, 17, 3, 16, 36),
(1079, 17, 3, 527, 36),
(1080, 20, 5, 1036, 3),
(1081, 17, 3, 531, 36),
(1082, 20, 5, 245, 3),
(1083, 20, 6, 1037, 3),
(1084, 20, 6, 1038, 3),
(1085, 20, 6, 1039, 3),
(1086, 20, 7, 1041, 3),
(1087, 20, 7, 253, 3),
(1088, 20, 7, 1042, 3),
(1089, 28, 1, 81, 66),
(1090, 28, 1, 824, 66),
(1091, 28, 1, 52, 66),
(1092, 28, 1, 80, 66),
(1093, 28, 3, 969, 66),
(1094, 20, 8, 1046, 3),
(1095, 28, 3, 49, 66),
(1096, 20, 8, 1043, 3),
(1097, 20, 8, 1044, 3),
(1098, 28, 3, 677, 66),
(1099, 28, 3, 388, 66),
(1100, 28, 3, 245, 66),
(1101, 28, 4, 697, 66),
(1102, 20, 9, 429, 6),
(1103, 28, 4, 85, 66),
(1104, 28, 4, 64, 66),
(1105, 28, 4, 87, 66),
(1106, 28, 4, 86, 66),
(1107, 28, 5, 12, 66),
(1108, 28, 5, 13, 66),
(1109, 28, 5, 68, 66),
(1110, 28, 5, 503, 66),
(1111, 28, 5, 504, 66),
(1112, 29, 1, 48, 69),
(1113, 19, 1, 48, 3),
(1114, 29, 1, 81, 69),
(1115, 19, 1, 411, 3),
(1116, 29, 1, 824, 69),
(1117, 19, 1, 81, 3),
(1118, 19, 3, 824, 3),
(1119, 19, 3, 52, 3),
(1120, 29, 3, 1026, 69),
(1121, 19, 3, 80, 3),
(1122, 19, 4, 242, 3),
(1123, 29, 3, 80, 69),
(1124, 19, 4, 49, 3),
(1125, 19, 4, 677, 3),
(1126, 29, 3, 411, 69),
(1127, 19, 5, 388, 3),
(1128, 29, 4, 177, 69),
(1129, 19, 5, 1036, 3),
(1130, 19, 5, 245, 3),
(1131, 19, 6, 247, 3),
(1132, 19, 6, 141, 3),
(1133, 29, 4, 677, 69),
(1134, 19, 6, 61, 3),
(1136, 19, 7, 253, 3),
(1137, 29, 4, 243, 69),
(1138, 19, 7, 328, 3),
(1139, 19, 7, 107, 3),
(1140, 29, 5, 245, 69),
(1141, 19, 8, 249, 3),
(1142, 19, 8, 252, 3),
(1143, 29, 5, 49, 69),
(1144, 29, 5, 792, 69),
(1145, 19, 8, 1047, 3),
(1146, 29, 6, 141, 69),
(1147, 29, 6, 61, 69),
(1148, 19, 8, 429, 6),
(1149, 29, 6, 331, 69),
(1150, 29, 7, 336, 69),
(1151, 29, 7, 1044, 69),
(1152, 44, 1, 214, 3),
(1153, 29, 7, 296, 69),
(1154, 29, 8, 103, 3),
(1155, 29, 8, 338, 3),
(1156, 29, 8, 253, 3),
(1157, 26, 1, 1037, 3),
(1159, 26, 1, 1039, 3),
(1160, 26, 3, 1041, 3),
(1161, 26, 3, 253, 3),
(1163, 26, 3, 1042, 3),
(1164, 26, 1, 1038, 3),
(1165, 26, 4, 1043, 3),
(1166, 26, 4, 1049, 3),
(1167, 26, 4, 1046, 3),
(1168, 74, 1, 1050, 3),
(1169, 74, 1, 697, 3),
(1170, 74, 1, 1051, 3),
(1171, 74, 3, 1052, 3),
(1173, 74, 3, 1056, 3),
(1174, 74, 3, 1053, 3),
(1175, 74, 4, 246, 3),
(1176, 74, 4, 1054, 3),
(1177, 41, 1, 159, 3),
(1178, 41, 1, 110, 3),
(1179, 41, 1, 1057, 3),
(1180, 41, 3, 671, 3),
(1181, 32, 3, 1059, 3),
(1182, 32, 3, 784, 3),
(1183, 32, 4, 347, 3),
(1184, 32, 4, 348, 3),
(1185, 32, 5, 965, 3),
(1186, 41, 1, 1058, 3),
(1187, 41, 3, 1060, 3),
(1188, 41, 3, 1061, 3),
(1189, 41, 3, 1062, 3),
(1190, 40, 1, 159, 3),
(1191, 40, 1, 1058, 3),
(1192, 40, 1, 1063, 3),
(1193, 40, 3, 1062, 3),
(1194, 40, 3, 680, 3),
(1195, 70, 1, 1064, 3),
(1196, 36, 1, 468, 4),
(1197, 36, 1, 505, 2),
(1198, 36, 1, 396, 4),
(1199, 36, 1, 506, 3),
(1200, 36, 1, 507, 3),
(1201, 36, 1, 508, 2),
(1202, 36, 3, 473, 1),
(1203, 36, 3, 511, 3),
(1204, 36, 3, 512, 3),
(1205, 36, 3, 513, 3),
(1206, 36, 3, 514, 2),
(1207, 36, 3, 398, 2),
(1208, 36, 4, 515, 4),
(1209, 36, 4, 546, 4),
(1210, 36, 4, 516, 4),
(1211, 36, 4, 517, 3),
(1212, 36, 4, 306, 3),
(1213, 36, 5, 464, 4),
(1214, 36, 5, 520, 4),
(1215, 36, 5, 526, 3),
(1216, 36, 5, 521, 2),
(1217, 36, 5, 522, 3),
(1218, 36, 5, 302, 2),
(1219, 36, 6, 523, 3),
(1220, 36, 6, 489, 4),
(1221, 36, 6, 525, 3),
(1222, 36, 6, 479, 4),
(1223, 12, 1, 159, 3),
(1224, 12, 1, 721, 3),
(1225, 12, 1, 21, 3),
(1226, 12, 1, 1057, 3),
(1227, 36, 6, 527, 4),
(1228, 36, 7, 528, 4),
(1229, 36, 7, 495, 4),
(1230, 12, 3, 671, 3),
(1231, 36, 7, 529, 3),
(1232, 36, 7, 491, 3),
(1233, 12, 3, 1060, 3),
(1234, 12, 3, 19, 3),
(1235, 28, 1, 48, 3),
(1236, 36, 7, 531, 4),
(1237, 36, 8, 559, 2),
(1238, 36, 8, 500, 4),
(1239, 36, 8, 493, 3),
(1240, 36, 8, 502, 2),
(1241, 36, 8, 68, 4),
(1242, 36, 8, 503, 3),
(1243, 36, 9, 501, 4),
(1244, 36, 9, 530, 3),
(1245, 36, 9, 533, 3),
(1246, 36, 9, 504, 4),
(1247, 36, 9, 536, 3),
(1248, 12, 3, 1067, 3),
(1249, 24, 1, 61, 3),
(1250, 24, 3, 253, 3),
(1251, 24, 4, 338, 3),
(1252, 24, 4, 1068, 3),
(1253, 23, 4, 1069, 3),
(1254, 23, 4, 249, 3),
(1255, 23, 1, 61, 3),
(1257, 23, 3, 328, 3),
(1258, 23, 3, 107, 3),
(1259, 23, 3, 253, 3),
(1260, 80, 1, 1070, 3),
(1261, 80, 1, 1071, 3),
(1262, 80, 1, 1072, 3),
(1263, 80, 3, 1073, 3),
(1264, 80, 3, 1075, 3),
(1265, 80, 4, 1076, 3),
(1266, 80, 3, 1074, 3),
(1267, 80, 4, 1078, 3),
(1268, 80, 4, 1077, 3),
(1270, 80, 5, 8, 9),
(1271, 34, 1, 373, 4),
(1272, 34, 1, 824, 3),
(1273, 34, 1, 394, 4),
(1274, 34, 1, 375, 3),
(1275, 34, 1, 493, 3),
(1276, 34, 3, 417, 3),
(1277, 34, 3, 697, 3),
(1278, 34, 4, 384, 3),
(1279, 34, 4, 975, 4),
(1280, 34, 4, 378, 3),
(1281, 34, 4, 385, 3),
(1282, 34, 5, 380, 3),
(1283, 34, 5, 1079, 3),
(1284, 34, 5, 1080, 3),
(1285, 11, 1, 5, 3),
(1286, 11, 3, 12, 3),
(1287, 11, 3, 531, 3),
(1288, 11, 3, 68, 3),
(1291, 11, 23, 341, 30);

-- --------------------------------------------------------

--
-- Table structure for table `su_semester`
--

CREATE TABLE IF NOT EXISTS `su_semester` (
  `sem_id` int(11) unsigned NOT NULL,
  `sem_name` varchar(255) NOT NULL,
  PRIMARY KEY (`sem_id`)
) ENGINE=MyISAM DEFAULT CHARSET=utf8;

--
-- Dumping data for table `su_semester`
--

INSERT INTO `su_semester` (`sem_id`, `sem_name`) VALUES
(1, 'Semester - I'),
(3, 'Semester - II'),
(4, 'Semester - III'),
(5, 'Semester - IV'),
(6, 'Semester - V'),
(7, 'Semester - VI'),
(8, 'Semester - VII'),
(9, 'Semester - VIII'),
(10, 'Semester - IX'),
(11, 'Semester - X'),
(12, 'Semester - XI'),
(13, 'Semester - XII'),
(18, 'Semester - III to Semester - VI'),
(19, 'Semester - III & Semester IV'),
(20, 'Elective Courses'),
(21, 'University Elective Courses'),
(22, 'General Elective Courses'),
(23, 'Thesis/ Dissertation');

-- --------------------------------------------------------

--
-- Table structure for table `su_sj`
--

CREATE TABLE IF NOT EXISTS `su_sj` (
  `SJ_Id` int(11) NOT NULL AUTO_INCREMENT,
  `SJ_About` varchar(255) NOT NULL,
  `SJ_Editorial` varchar(255) NOT NULL,
  `SJ_Guide` varchar(255) NOT NULL,
  PRIMARY KEY (`SJ_Id`)
) ENGINE=MyISAM  DEFAULT CHARSET=latin1 AUTO_INCREMENT=2 ;

--
-- Dumping data for table `su_sj`
--

INSERT INTO `su_sj` (`SJ_Id`, `SJ_About`, `SJ_Editorial`, `SJ_Guide`) VALUES
(1, '<div style="text-align: justify;"><br><!--[if gte mso 9]><xml>   <w:WordDocument>    <w:View>Normal</w:View>    <w:Zoom>0</w:Zoom>    <w:TrackMoves/>    <w:TrackFormatting/>    <w:PunctuationKerning/>    <w:ValidateAgainstSchemas/>    <w:SaveIfXMLInvalid>', '<!--[if gte mso 9]><xml>   <o:OfficeDocumentSettings>    <o:AllowPNG/>   </o:OfficeDocumentSettings>  </xml><![endif]-->    <p class="Default" style="text-align:justify;line-height:12.05pt"><span class="A0"><b><span style="mso-ansi-font-size:12.0pt;mso-bi', '<!--[if gte mso 9]><xml>   <w:WordDocument>    <w:View>Normal</w:View>    <w:Zoom>0</w:Zoom>    <w:TrackMoves/>    <w:TrackFormatting/>    <w:PunctuationKerning/>    <w:ValidateAgainstSchemas/>    <w:SaveIfXMLInvalid>false</w:SaveIfXMLInvalid>    <w:Ignor');

-- --------------------------------------------------------

--
-- Table structure for table `su_sjfls`
--

CREATE TABLE IF NOT EXISTS `su_sjfls` (
  `su_tid` int(11) unsigned NOT NULL,
  `su_jid` int(11) unsigned NOT NULL,
  `su_path` varchar(255) NOT NULL,
  `su_cpath` varchar(255) NOT NULL,
  PRIMARY KEY (`su_tid`)
) ENGINE=MyISAM DEFAULT CHARSET=utf8;

--
-- Dumping data for table `su_sjfls`
--

INSERT INTO `su_sjfls` (`su_tid`, `su_jid`, `su_path`, `su_cpath`) VALUES
(3, 1, '../../Journal/Design.jpg', 'D:\\Superior Solutions\\SuperiorWeb\\Journal\\Design.jpg');

-- --------------------------------------------------------

--
-- Table structure for table `su_sjrns`
--

CREATE TABLE IF NOT EXISTS `su_sjrns` (
  `su_jid` int(11) unsigned NOT NULL,
  `su_title` varchar(255) NOT NULL,
  `su_abs` varchar(255) NOT NULL,
  `su_type` varchar(255) NOT NULL,
  `su_year` int(11) unsigned NOT NULL,
  `su_lang` varchar(255) NOT NULL,
  PRIMARY KEY (`su_jid`)
) ENGINE=MyISAM DEFAULT CHARSET=utf8;

--
-- Dumping data for table `su_sjrns`
--

INSERT INTO `su_sjrns` (`su_jid`, `su_title`, `su_abs`, `su_type`, `su_year`, `su_lang`) VALUES
(1, 'Title', 'Abstract', 'Research Papers', 2013, 'English');

-- --------------------------------------------------------

--
-- Table structure for table `su_split`
--

CREATE TABLE IF NOT EXISTS `su_split` (
  `spl_id` int(11) unsigned DEFAULT NULL,
  `spl_uniname` varchar(255) DEFAULT NULL,
  `spl_unilogo` varchar(255) DEFAULT NULL,
  `spl_banner` varchar(255) DEFAULT NULL,
  `spl_intro` varchar(255) DEFAULT NULL,
  `spl_objective` varchar(255) DEFAULT NULL,
  `spl_benifit` varchar(255) DEFAULT NULL,
  `spl_contact` varchar(255) DEFAULT NULL,
  `spl_fee` varchar(255) DEFAULT NULL
) ENGINE=MyISAM DEFAULT CHARSET=utf8;

--
-- Dumping data for table `su_split`
--

INSERT INTO `su_split` (`spl_id`, `spl_uniname`, `spl_unilogo`, `spl_banner`, `spl_intro`, `spl_objective`, `spl_benifit`, `spl_contact`, `spl_fee`) VALUES
(1, 'University of NewCastle, Australia', '../../Images/Gallary/logo_newcastle.jpg', '../../Images/Banner/Split_Ausbanner.jpg', ' With a history of more than 40 years, the University of Newcastle has grown from a locally focused institution to one the globally oriented and recognized institute. With a student population of around 28,000 and currently ranking in the top 10 Australia', '<b>Postgraduate Programs offered at the Newcastle Business School:</b> <br/><br/>  Masters of Business Administration<br/> Masters of Applied Finance<br/>  Masters of Marketing <br/> Masters of Human Resource Management<br/> Master of International Busine', 'Undergraduate Programs	&nbsp&nbsp&nbsp&nbsp&nbsp&nbsp&nbsp&nbsp&nbsp&nbsp		AUD $ 19040	Per Annam <br/> Postgraduate Programs 	&nbsp&nbsp&nbsp&nbsp&nbsp&nbsp&nbsp&nbsp&nbsp&nbsp&nbsp&nbsp		AUD $ 12,020 To AUD $ 25,840 Per Annam  ', 'Email: splitdegree@superior.edu.pk <br/> Phone: 042-35858043, 0321-4493971 <br/><br/> <center><img src="../../Images/SplitDegree/NewAus.JPG" /> </center>', 'No Data Recived'),
(2, 'Uppsala University, Sweden', '../../Images/Gallary/logo_uppsala.jpg', '../../Images/Banner/MOUswedenabanner.png', 'Quality knowledge and creativity since 1477 <br/> <br/>   With the history of more than 400 years, this university has a lot to offer to International Students. Uppsala is 75th Top University in World having 8 Noble Prizes with 500 Annual Publications. Th', '<b>Postgraduate Program:</b> <br/><br/>  MSc in Business and Economic (One Year Double Degree Program).<br/><br/>  As per the agreement between Superior University Lahore and Uppsala University Sweden, hereby agree for the double degree program, which inc', '''&nbsp&nbsp&nbsp&nbsp&nbsp&nbsp&nbsp&nbsp&nbsp&nbsp&nbsp&nbsp&nbsp&nbsp&nbsp&nbsp&nbsp&nbsp&nbsp&nbsp&nbsp&nbsp&nbsp&nbsp&nbsp&nbsp&nbsp&nbsp&nbsp&nbsp&nbsp&nbsp&nbsp&nbsp&nbsp&nbsp&nbsp&nbsp&nbsp&nbsp&nbsp&nbsp<b>Average Fee</b><br/>Postgraduate Program	', 'Email: splitdegree@superior.edu.pk<br/> Phone: 042-35858043, 0321-4493971<br/><br/><center><img src="../../Images/SplitDegree/Uppsala2.JPG" /></center>', 'No Data Recived'),
(3, 'IESEG School of Management France', '../../Images/Gallary/ieseg.jpg', '../../Images/Banner/BannerSD.JPG', '<b>About IÉSEG</b><br/><br/> IÉSEG School of Management is one of the top Business Schools in France, ranked 6th in 2012 by leading student magazine L’Etudiant. As a French Grande École and member of the Conférence des Grandes Écoles IÉSEG is part of the ', 'BBA (3 Years)<br/> Bachelors of Grand Ecole Program (5 Years) <br/> MSc in Management (2 Years) <br/> Master of International Business (1 Year) <br/> Dual Degree MBA/MIB<br/> MSc in Fashion Management', '&nbsp&nbsp&nbsp&nbsp&nbsp&nbsp&nbsp&nbsp&nbsp&nbsp&nbsp&nbsp&nbsp&nbsp&nbsp&nbsp&nbsp&nbsp&nbsp&nbsp&nbsp&nbsp&nbsp&nbsp&nbsp&nbsp&nbsp&nbsp&nbsp&nbsp&nbsp&nbsp&nbsp&nbsp&nbsp&nbsp&nbsp&nbsp&nbsp&nbsp&nbsp&nbsp&nbsp&nbsp&nbsp&nbsp&nbsp&nbsp&nbsp&nbsp&nbsp', 'Phone:	  +92-42-35858043<br/> Mobile: +92-302-6175233 +92-321-4493971<br/> Email: husnain.tarar@superior.edu.pk<br/> Office Address: 31-Tipu Block, New Garden Town, Lahore, Pakistan. <br/><br/><center> <img src="../../Images/SplitDegree/IESEG3.JPG" /></ce', NULL),
(4, 'Rouen Business School, France', '../../Images/Gallary/logo_rouen.jpg', '../../Images/Banner/MOUfrancebanner.png', ' Rouen is one of the top 8th business schools in France with high qualified faculty and students from different ethnic backgrounds. This school offers top class quality education and is committed to produce pioneer business leaders, meeting employers’ nee', 'Bachelor in Business Administration<br/> Bachelor in Retail Management<br/> BSc in International Business<br/> Master in Management Grande Ecole<br/> Specialized Masters<br/> Masters of Science / MSc<br/> International MBA<br/> PhD Ecricome<br/> Executive', ' Undergraduate Programs	&nbsp&nbsp&nbsp&nbsp&nbsp&nbsp&nbsp&nbsp&nbsp&nbsp      Euro 9600/- Per Annum  <br/> Postgraduate Programs 	&nbsp&nbsp&nbsp&nbsp&nbsp&nbsp&nbsp&nbsp&nbsp&nbsp&nbsp&nbsp	Euro 9600/- to Euro13000 Per Annum <br/> Ph.D Programs 	&nbsp&', ' Email: splitdegree@superior.edu.pk<br/> Phone: 042-35330361-2, 0300-4731293<br/><br/><center><img src="../../Images/SplitDegree/RuenBsns4.JPG" /></center>', 'No Data Recived'),
(5, 'Beihang University, China', '../../Images/Gallary/beihang.jpg', '../../Images/Banner/MOUchinabanner.png', ' As one of the top-ranked research university, BUAA has had more than 40 projects that were ranked first in China, since it was established in 1952. Nowadays, it has evolved into a  multi-disciplined, research-oriented university of engineering science an', 'Aeronautics and astronautics <br/> Mechanics <br/> Computer Science and Technology<br/>  Instrument Science and Technology <br/> Transportation Science and Engineering <br/> Control Science and Engineering <br/> Management Science and Engineering <br/> Me', 'Undergraduate       &nbsp&nbsp&nbsp&nbsp&nbsp&nbsp&nbsp&nbsp&nbsp&nbsp  &nbsp&nbsp&nbsp&nbsp&nbsp 	26,000 RMB/year (4,500 US $)   <br/>  Master            &nbsp&nbsp&nbsp&nbsp&nbsp&nbsp&nbsp&nbsp&nbsp&nbsp&nbsp&nbsp&nbsp&nbsp&nbsp&nbsp&nbsp&nbsp&nbsp&nbsp', 'Email: splitdegree@superior.edu.pk<br/> Phone: 042-35858043, 0321-4493971<br/><br/><center><img src="../../Images/SplitDegree/Behang5.JPG" /></center>', 'No Data Recived'),
(6, 'Binary University , Malaysia', '../../Images/Gallary/logo_binary.jpg', '../../Images/Banner/Split_Malaysiabanner.jpg', ' Superior moves a step further through its collaboration with BINARY UNIVERSITY MALAYSIA. Binary has made itself a unique institution just in a very short span of time. With a vast and dynamic study campus, Binary offers all facilities ranging from course', '<b> Binary Business School: </b><br/><br/>  Foundation in Arts Specializing in Business Studies<br/> Diploma in Business Administration <br/> Diploma in Marketing <br/> Diploma in Accounting<br/> BA (Hons) Business Management<br/> BA (Hons) Marketing <br/', '<b>Program Name</b>	&nbsp&nbsp&nbsp&nbsp&nbsp&nbsp&nbsp&nbsp&nbsp&nbsp&nbsp&nbsp&nbsp&nbsp&nbsp&nbsp&nbsp&nbsp&nbsp&nbsp&nbsp    <b>Per Annam </b>  <br/><br/>   Foundation Programs     &nbsp&nbsp&nbsp&nbsp&nbsp&nbsp&nbsp&nbsp&nbsp&nbsp&nbsp&nbsp   13,800	', ' Email: splitdegree@superior.edu.pk<br/> Phone: 042-35858043, 0321-4493971<br/><br/><center><img src="../../Images/SplitDegree/Binary6.JPG" /></center>', 'No Data Recived'),
(7, 'UCSC (Italy) ', '../../Images/Gallary/UCSC.jpg', '../../Images/Banner/split.jpg', ' Università Cattolica del Sacro Cuore (UCSC), Milan, Italy’s premier private university, offers  a program of university courses taught in English available to Global inks Learning Abroad students. For the first time in Italy, international study abroad s', '<b>Master of International Business (MIB).</b><br/><br/>  <b>Main Subjects --- Course Contents on 12 core modules</b><br/><br/>  <b>Introduction and orientation:</b><br/><br/>  1) Economic and Financial Analysis<br/> 2) Industrial Economics<br/> 3) Intern', ' •	M1 Level<br/> •	Fast Track: 10,000.00 €<br/> •	International Track: 12,000.00 €<br/> •	Master Level<br/> •	Master Level Track: 10,000.00 € for year 1+7,000.00 € for year 2<br/> •	20 Scholarships of 3,000.00 € (for the first enrolling students) (in acad', ' Email: splitdegree@superior.edu.pk<br/> Phone: 042-35858043, 0321-4493971<br/><br/><center><img src="../../Images/SplitDegree/UCSC7.JPG" /></center>', 'No Data Recived'),
(8, 'York St John University, UK', '../../Images/Gallary/logo_stJohn.jpg', '../../Images/Banner/Split_UKbanner.jpg', ' High quality & renowned university, known for its academic excellence with a vibrant and dynamic life in the historical British City. York St. John is small in size but offers extensive facilities, making it unique and eye catching institute. The univers', '<b>Faculty of Business & Management:</b><br/><br/>   Offering BA, MA and Research degrees in Business, Management, IT, Finance, Marketing, Tourism, Accounting, HR, Leadership, MBA – for new graduates, Languages, Linguistics and TESOL.<br/><br/>  <b>Facult', '<b>Full Time International New 2013-14</b> <br/><br/>   Full Time Tuition Fees - New Entrants starting their program in 2013-14<br/><br/>    <b>Course Fees</b>&nbsp&nbsp&nbsp&nbsp&nbsp&nbsp&nbsp&nbsp&nbsp&nbsp&nbsp&nbsp&nbsp&nbsp&nbsp&nbsp&nbsp&nbsp&nbsp&', ' Email: splitdegree@superior.edu.pk<br/> Phone: 042-35858043, 0321-4493971<br/><br/><center><img src="../../Images/SplitDegree/YorkSt.JPG" /></center>', 'No Data Recived'),
(9, 'University of Cumbria, UK', '../../Images/Gallary/UoCTm.jpg', '../../Images/Banner/BannerSD.JPG', 'University of Cumbria is considered one of the most beautiful regions of the UK, attracting around 40 million visitors each year to its exciting cities and world-renowned National Parks. The county, with its stunning landscape of mountains and lakes, has ', '<b>Faculties under Postgraduate and Undergraduate Programs:</b><br/><br/>  <u>Faculty of Arts and Humanities</u><br/><br/>  Fine Art<br/> Digital Arts<br/> Film and TV Production<br/> Games Design<br/> Graphic Design<br/> Journalism <br/> Photography<br/>', '<center> <img src="../../Images/SplitDegree/CumbriaFee1.JPG" /> <br/> <img src="../../Images/SplitDegree/CumbriaFee2.JPG" /> <br/> <img src="../../Images/SplitDegree/CumbriaFee3.JPG" /> <br/>  </center>', '<b>International Office:</b><br/> Phone:	  +92-42-35858043<br/> Mobile: +92-302-6175233 +92-321-4493971<br/> Email: husnain.tarar@superior.edu.pk<br/> Office Address: 31-Tipu Block, New Garden Town, Lahore, Pakistan. <br/> ,br/> <center><img src="../../Im', 'tst'),
(10, 'Concordia University Wisconsin, USA.', '../../Images/Gallary/CUW.jpg', '../../Images/Banner/BannerSD.JPG', 'Founded in the year 1881, Concordia University Wisconsin, USA has a rich history of imparting education to change mind seats of society. It has proved its mettle in Business Management, Marketing, CS & IT, Teachers Education, Nursing and Communication. It', '<b> Undergraduate Programs:</b><br/><br/> <b><u>Business, Management, Marketing and Sports:</u> </b> <br/> <br/> Accounting <br/> Actuarial Science <br/> Economics <br/> Economics/Finance (Applied Economics)  <br/> General Business Finance <br/> Internati', '<center><img src="../../Images/SplitDegree/SPFEE2.JPG" /></center>', '<b> International Office:</b><br/> Phone:	  +92-42-35858043<br/> Mobile: +92-302-6175233 +92-321-4493971<br/> Email: husnain.tarar@superior.edu.pk<br/> Office Address: 31-Tipu Block, New Garden Town, Lahore, Pakistan. <br/><br/><center><img src="../../Ima', 'tst'),
(11, 'University of Nicosia, Cyprus', '../../Images/Gallary/logo_nicolsa.jpg', '../../Images/Banner/split.jpg', 'Located in the Eastern Medittraninan, this university has developed itself in a very short period. Ranges of programs are offered for International Students to develop international exposure. Through its four schools, the University offers a diverse range', '<b>Undergraduate Programs:</b><br/><br/>  <b><u>School of Business: </b></u><br/> Accounting (4 years, Bachelor of Science) <br/> Business Administration - Concentration: Finance and Economics (4 years, Bachelor of Science) <br/> Business Administration -', '<center><img src="../../Images/SplitDegree/SPFEE1.JPG" /></center>', ' Email: splitdegree@superior.edu.pk<br/> Phone: 042-35858043, 0321-4493971<br/><br/> <center><img src="../../Images/SplitDegree/Nicosia11.JPG" /> </center>', 'No Data Recived');

-- --------------------------------------------------------

--
-- Table structure for table `su_staff`
--

CREATE TABLE IF NOT EXISTS `su_staff` (
  `sta_id` int(11) unsigned NOT NULL,
  `sta_name` varchar(255) NOT NULL,
  `sta_qualification` varchar(255) DEFAULT NULL,
  `sta_designation` varchar(255) NOT NULL,
  `depart` varchar(255) NOT NULL,
  `camp` int(11) unsigned NOT NULL,
  PRIMARY KEY (`sta_id`)
) ENGINE=MyISAM DEFAULT CHARSET=utf8;

--
-- Dumping data for table `su_staff`
--

INSERT INTO `su_staff` (`sta_id`, `sta_name`, `sta_qualification`, `sta_designation`, `depart`, `camp`) VALUES
(1, 'Muhammad Aamir Rafique', 'Master in Multimedia Arts', 'Creative Director', ' Creative Department', 7),
(2, 'Prof. Dr Ch Abdul Rehman', NULL, 'Chairman Rector', 'General Administration  Staff', 7),
(3, 'Prof. Dr. Zafar Iqbal', NULL, 'Rector (Academics)', 'General Administration  Staff', 7),
(4, 'Prof. Dr. Skindar Khan', NULL, 'Pro Rector (Research)', 'General Administration  Staff', 7),
(5, 'Prof. Ch. Abdul Khaliq', NULL, 'Director Operations', 'General Administration  Staff', 7),
(6, 'Mr. M. Asif  Siddiqui', NULL, 'Director Technical', 'General Administration  Staff', 7),
(7, 'Mr. M. Azhar Khan  ', NULL, 'Director Corporate Relations', 'General Administration  Staff', 7),
(8, 'Prof. Rana Adeel Mumtaz', NULL, 'Project Director', 'General Administration  Staff', 7),
(9, 'Mr. Pirzada Sami Ullah Sabri', NULL, 'Registrar', 'General Administration  Staff', 7),
(10, 'Prof.  Dr. M. Akbar Chaudhry', NULL, 'Principal Azra Naheed Medical College', 'Azra Naheed Center for Research & Devlopment', 7),
(11, 'Prof. Hisham ul Hassan', NULL, 'Incharge Annual Programme', 'General Administration  Staff', 7),
(13, 'Prof. Syed Irshad Hussain Naqvi', NULL, 'Principal Science Campus', 'General Administration  Staff', 7),
(14, 'Prof. Asma Salman', NULL, 'Principal Women Campus', 'General Administration  Staff', 7),
(15, 'Prof. Syed Aatir Hussain Rizvi', NULL, 'Principal Law Campus', 'General Administration  Staff', 7),
(16, 'Prof. Ch, Shakeel Ahmed', NULL, 'Principal Okara Campus', 'General Administration  Staff', 7),
(17, 'Mr. Ch, Javaid Akhtar', NULL, 'Senior Manager Human Resource', 'Human Rescource Department', 7),
(18, 'Mr. Muneeb Ahmed', NULL, 'Assistant Manager Human Resource', 'Human Rescource Department', 7),
(19, 'Mr. Muhammad Khurram Ikhlaq', NULL, 'Assistant Manager Human Resource', 'Human Rescource Department', 7),
(20, 'mr. Kashif Kamran', NULL, 'Human Resource Officer', 'Human Rescource Department', 7),
(21, 'Mr. Habib Shahzad', NULL, 'Human Resource Cordinator', 'Human Rescource Department', 7),
(22, 'Mr. Muhammad Amir Manzoor', 'Masters in Computer Sciences', 'Director', 'The Superior Solution', 7),
(23, 'Mr. Adeel Asghar', NULL, 'Project Manager', 'The Superior Solution', 7),
(25, 'Ms. Rukhshunda Israr', NULL, 'Software Developer', 'The Superior Solution', 7),
(26, 'Mr. Azam Aftab', 'MIT', 'Software Engineer', 'The Superior Solution', 7),
(30, 'Mr. Salman Masood Sheikh', NULL, 'DIrector Quality Assurance', 'Quality Assurance Department', 7),
(31, 'Mr. Farooq Yahya Butt', NULL, 'Manager Quality Assurance (Evening Program)', 'Quality Assurance Department', 7),
(32, ' Mr. Muhammad Nawaz Butt', NULL, 'Assistant to Director Quality Assurance', 'Quality Assurance Department', 7),
(33, 'Mr. Pirzada Junaid', NULL, 'Quality Assurance Officer', 'Quality Assurance Department', 7),
(34, 'Mr. Saqib Ahmed', NULL, 'Trainee Officer QA', 'Quality Assurance Department', 7),
(35, 'Mr. Nouman Ahmed', NULL, 'Data Entry Operator', 'Quality Assurance Department', 7),
(36, 'Mr. Hafiz Abdul Rehman', NULL, 'Marketing Manager', ' Marketing Department ', 7),
(37, 'Mr. Muhammad Tahir Mahmood', NULL, 'Business Development Manager', ' Marketing Department ', 7),
(38, 'Mr. Husnain Tarar', NULL, 'Manager Corporate and External Relations', ' Marketing Department ', 7),
(39, 'Mr. Ahmed Jalal Malik', NULL, 'Incharge Printing & Publishing', ' Marketing Department ', 7),
(40, 'Mr. Sohaib Mahmood', NULL, 'Asst. Brand Manager', ' Marketing Department ', 7),
(41, 'Mr. Muhammad Ahsan', NULL, 'Asst. Brand Manager', ' Marketing Department ', 7),
(42, 'Mr. Muhammad Tariq', NULL, 'Marketing Coordinator', ' Marketing Department ', 7),
(43, 'Mr. Zaeem Hassan', NULL, 'Manager Trainee Officer', ' Marketing Department ', 7),
(44, 'Ms. Mahreen Bano', NULL, 'Manager Trainee Officer', ' Marketing Department ', 7),
(45, 'Mr. Hafiz Muhammad Azeem', NULL, 'Chief Photographer', ' Marketing Department ', 7),
(46, 'Mr. Zeeshan Mahmood', NULL, 'Graphic Designer', ' Marketing Department ', 7),
(47, 'Mr. Hassan Manzoor', NULL, 'Motion Graphics & Video Editor', ' Marketing Department ', 7),
(48, 'Mr. Naeem Khadim', NULL, 'Assistant Photographer', ' Marketing Department ', 7),
(49, 'Mr. Asif Aziz Khan', NULL, 'Incharge ', 'Alumni& Corporate Relations', 7),
(50, 'Mr. Ali Abbas', NULL, 'Assistant Manager HRD', 'Alumni& Corporate Relations', 7),
(51, 'Mr. Asim Masood', NULL, 'Controller Examination', 'Examination Department', 7),
(52, 'Mr. Ch. Imtiaz Ahmed', NULL, 'Additional Controller of Examination', 'Examination Department', 7),
(53, 'Mr. Shahbaz Hussain Shamsi', NULL, 'Deputy Controller of Examination (Semester Programs)', 'Examination Department', 7),
(54, 'Mr. Syed Bezad Hussain', NULL, 'Deputy Controller of Examination (Annual Programs)', 'Examination Department', 7),
(55, 'Mr. Ateeq ur Rehman', NULL, 'Examination Officer', 'Examination Department', 7),
(56, 'Mr. Atta Dogar', NULL, 'Examination Officer', 'Examination Department', 7),
(57, 'Mr. Syed Tahir Hussain', NULL, 'Examination Officer', 'Examination Department', 7),
(58, 'Mr. Attiq ur Rehman', NULL, 'Examination Officer', 'Examination Department', 7),
(59, 'Mr. Atta Muhammad Dogar', NULL, 'Examination Officer', 'Examination Department', 7),
(60, 'Mr. Muhammad Usman', NULL, 'Examination Officer', 'Examination Department', 7),
(61, 'Ms. Fouzia Sabir', NULL, 'Examination Officer', 'Examination Department', 7),
(62, 'Ms. Nida Sabir', NULL, 'Examination Officer', 'Examination Department', 7),
(63, 'Ms. Sadaf Nazar', NULL, 'Reception Manager', 'Admissions & Front Desk Team ', 7),
(64, 'Ms. Saman Tahir ', NULL, 'Admission Manager', 'Admissions & Front Desk Team ', 7),
(65, 'Ms. Jessie Denial', NULL, 'Team Leader Admission', 'Admissions & Front Desk Team ', 7),
(66, 'Mr. Imran Jamal ', NULL, 'Admission Officer', 'Admissions & Front Desk Team ', 7),
(67, 'Mr. Farrukh Nadeem', NULL, 'Admission Officer', 'Admissions & Front Desk Team ', 7),
(68, 'Ms. Amna Sajid', NULL, 'Admission Manager', 'Admissions & Front Desk Team ', 7),
(69, 'Ms. Sana Sharif', NULL, 'Admission Officer', 'Admissions & Front Desk Team ', 7),
(70, 'Mr. Arslan Ikhlaq', NULL, 'Admission Manager', 'Admissions & Front Desk Team ', 7),
(71, 'Ms. Sumaira Sisal', NULL, 'Admission Officer', 'Admissions & Front Desk Team ', 7),
(72, 'Ms. Tayyaba Tufail', NULL, 'Admission Officer', 'Admissions & Front Desk Team ', 7),
(73, 'Mr. Mian Abdullah', NULL, 'Incharge Call Centre', 'Admissions & Front Desk Team ', 7),
(76, 'Ms. Farwa Tanveer', NULL, 'Admission Officer', 'Admissions & Front Desk Team ', 7),
(77, 'Ms. Rabia Merraj', NULL, 'Admission Officer', 'Admissions & Front Desk Team ', 7),
(78, 'Mr. Javed Iqbal', NULL, 'Admission Officer', 'Admissions & Front Desk Team ', 7),
(79, 'Mr. Waqas Abrar', NULL, 'Admission Officer', 'Admissions & Front Desk Team ', 7),
(80, 'Mr. Faiz Hassan', NULL, 'Admission Officer', 'Admissions & Front Desk Team ', 7),
(81, 'Ms. Maria Naz', NULL, 'Admission Officer', 'Admissions & Front Desk Team ', 7),
(82, 'Ms. Syeda Rabika Nadeem', NULL, 'Admission Officer', 'Admissions & Front Desk Team ', 7),
(83, 'Ms. Fatima Tuz Zahra', NULL, 'Admission Officer', 'Admissions & Front Desk Team ', 7),
(84, 'Ms. Harroza Khan', NULL, 'Front Desk Officer', 'Admissions & Front Desk Team ', 7),
(86, 'Ms. Nazima Firdous', NULL, 'Front Desk Officer', 'Admissions & Front Desk Team ', 7),
(87, 'Ms. Rabia Jabeen', NULL, 'Front Desk Officer', 'Admissions & Front Desk Team ', 7),
(88, 'Ms. Naila Noureen', NULL, 'Front Desk Officer', 'Admissions & Front Desk Team ', 7),
(89, 'Mr. Shuja ud Din Bhatti', NULL, 'G. M. AN Consulting', 'Azra Naheed Center for Research & Devlopment', 7),
(90, 'Mr. Waqas Iftekhar Baig', NULL, 'Assistant Director (ANCRD)', 'Azra Naheed Center for Research & Devlopment', 7),
(91, 'Prof. Nadeem Iqbal Raza', NULL, 'Assistant Director (ANCRD)', 'Azra Naheed Center for Research & Devlopment', 7),
(92, 'Prof. Ayesha Zahid', NULL, 'Assistant Director (ANCRD)', 'Azra Naheed Center for Research & Devlopment', 7),
(93, 'Ms. Khansa Irem', NULL, 'Research Associate', 'Azra Naheed Center for Research & Devlopment', 7),
(94, 'Ms. Qura Tul Ain', NULL, 'Research Associate', 'Azra Naheed Center for Research & Devlopment', 7),
(95, 'Ms. Aqeela Babar', NULL, 'Research Assistant', 'Azra Naheed Center for Research & Devlopment', 7),
(96, 'Mr. Fahad Mahmood', NULL, 'Research Assistant', 'Azra Naheed Center for Research & Devlopment', 7),
(97, 'Mr. Muhammad Shafaat Saif', NULL, 'Research Assistant', 'Azra Naheed Center for Research & Devlopment', 7),
(124, 'Mr. Moazzam Baig', NULL, 'GM Finance', 'Finance Department', 7),
(125, 'Mr. Azhat Abbas', NULL, 'Internal Auditor', 'Finance Department', 7),
(126, 'Mian Muhammad Irfan', NULL, 'Assistant Manager Treasury', 'Finance Department', 7),
(127, 'Mr. Rasheed Ahmad', NULL, 'Assistant Manager Account & Finance', 'Finance Department', 7),
(128, 'Mr. Muhammad Shafiq Bhatti', NULL, 'Assistant Manager Tax, Corporate and Payroll', 'Finance Department', 7),
(129, 'Mr. Nazir Hussain', NULL, 'Office Supretendent', 'Finance Department', 7),
(130, 'Mr. Nadeem Yousaf', NULL, 'Account Officer', 'Finance Department', 7),
(131, 'Mr. Saeed Ahmad Ashfiq', NULL, 'Account Officer', 'Finance Department', 7),
(132, 'Mr. Asif Iqbal', NULL, 'Account Officer', 'Finance Department', 7),
(133, 'Mr. Zafar Ahmed Zafri', NULL, 'Account Officer', 'Finance Department', 7),
(134, 'Mr. Imtiaz Riaz', NULL, 'Account Officer', 'Finance Department', 7),
(135, 'Mr. Ahmen Saeed', NULL, 'Account Officer', 'Finance Department', 7),
(136, 'Mr. Waqas Ahmed Bhatti', NULL, 'Account Officer', 'Finance Department', 7),
(137, 'Ms. Amber Rehman', NULL, 'Account Officer', 'Finance Department', 7),
(138, 'Ms. Shumaila Rai', NULL, 'Account Officer', 'Finance Department', 7),
(139, 'Ms. Fouzia Asghar', NULL, 'Account Officer', 'Finance Department', 7),
(140, 'Ms. Zill-e-Huma', NULL, 'Account Officer', 'Finance Department', 7),
(141, 'Mr. Saeed Ahmed Ashiq', NULL, 'Account Officer', 'Finance Department', 7),
(142, 'Mr.Shahbaz Ahmed Dogar', NULL, 'Account Officer', 'Finance Department', 7),
(143, 'Mr. Khurram Saeed', NULL, 'Account Officer', 'Finance Department', 7),
(144, 'Mr. Nasir Ahmed', NULL, 'Account Officer', 'Finance Department', 7),
(145, 'Mr. M. Fahim Khan', NULL, 'Account Officer', 'Finance Department', 7),
(146, 'Mr. Sheikh Rizvan Naveed', NULL, 'Account Officer', 'Finance Department', 7),
(147, 'Mr. Khawar Aftab Assad', NULL, 'Account Officer', 'Finance Department', 7),
(148, 'Mr. Muhammad Imran', NULL, 'Account Officer', 'Finance Department', 7),
(149, 'Mr. Naveed Amjum', NULL, 'Account Officer', 'Finance Department', 7),
(150, 'Mr. Muhammad Yamin', NULL, 'Account Officer', 'Finance Department', 7),
(151, 'Mr. Ali Raza', NULL, 'Account Officer', 'Finance Department', 7),
(152, 'Mr. Muhammad Rizwan', NULL, 'Account Officer', 'Finance Department', 7),
(153, 'Mr. Muhammad Saeed', NULL, 'Account Officer', 'Finance Department', 7),
(154, 'Mr. Shokat Masih', NULL, 'Incharge Registration Branch', 'Registration Department', 7),
(155, 'Mr. Muhammad Sabir', NULL, 'Registration Officer', 'Registration Department', 7),
(156, 'Mr. Muhammad Zahid', NULL, 'Registration Officer', 'Registration Department', 7),
(157, 'Mr. Muhammad Aslam', NULL, 'Registration Officer', 'Registration Department', 7),
(158, 'Mr. Wasim Tahir', NULL, 'Registration Officer', 'Registration Department', 7),
(159, 'Mr. Ashraf Mehmood', NULL, 'Registration Officer', 'Registration Department', 7),
(160, 'Mr. Javed Ahmed Hashmi', NULL, 'Registration Officer', 'Registration Department', 7),
(161, 'mr. Tariq Mahmood Raza', NULL, 'Registration Officer', 'Registration Department', 7),
(162, 'Mr. Ahmed Hussain', NULL, 'Registration Officer', 'Registration Department', 7),
(163, 'Mr. Syed Javed Hussain ', NULL, 'Registration Officer', 'Registration Department', 7),
(164, 'Mr. Tahir Abbas', NULL, 'Registration Officer', 'Registration Department', 7),
(165, 'Mr. Muhammad Rafique', NULL, 'Registration Officer', 'Registration Department', 7),
(166, 'Ms. Mehreen', NULL, 'Asst, Registration Officer', 'Registration Department', 7),
(167, 'Mr. Ashiq Hussain', NULL, 'Asst. Registrationn Officer', 'Registration Department', 7),
(168, 'Mr. Zahid Bashir', NULL, 'Director Sports', 'Sports Department', 7),
(169, 'Mr. Anwar Shahid', NULL, 'Director Sports', 'Sports Department', 7),
(170, 'Mr. Shahzad Ahmed', NULL, 'Director Sports', 'Sports Department', 7),
(171, 'Mr. Abrar Ahmed', NULL, 'DPE', 'Sports Department', 7),
(172, 'Mr. Asim Aleem Randawa', NULL, 'DPE', 'Sports Department', 7),
(173, 'Mr. Muhammad Azhar', NULL, 'Sports Coach', 'Sports Department', 7),
(174, 'Mr. Muhammad Anjum Khan', NULL, 'Sports Coach', 'Sports Department', 7),
(175, 'Mr. Muhammad Rafique Khan', NULL, 'Chief Librarian', 'Library', 7),
(176, 'Ms. Bushra Salah ud Din', NULL, 'Librarian', 'Library', 7),
(177, 'Ms. Amna Mushtaq', NULL, 'Librarian', 'Library', 7),
(178, 'Mr. Syed Muhammad', NULL, 'Librarian', 'Library', 7),
(179, 'Mr. John Paul', NULL, 'Librarian', 'Library', 7),
(180, 'Mr. Muhammad Shakhawat', NULL, 'Librarian', 'Library', 7),
(181, 'Ms. Samia Iqbal', NULL, 'Librarian', 'Library', 7),
(182, 'Ms. Musarat Begum', NULL, 'Librarian', 'Library', 7),
(183, 'Mr. Babar Ali', NULL, 'Librarian', 'Library', 7),
(184, 'Ms. Sumaira Ijaz', NULL, 'Librarian', 'Library', 7),
(185, 'Mr. Abdul Sattar', NULL, 'Librarian', 'Library', 7),
(186, 'Mr. Imran Ali Mudassair', NULL, 'Librarian', 'Library', 7),
(187, 'Mr. Muhammad Shakeel', NULL, 'Librarian', 'Library', 7),
(188, 'Ms. Izba Shabbir', NULL, 'Asst. Librarian', 'Library', 7),
(189, 'Mr. Amin Ullah', NULL, 'Asst. Librarian', 'Library', 7),
(190, 'Ms. Nazia Butt', NULL, 'Asst. Librarian', 'Library', 7),
(191, 'Mr. Muhammad Imran', NULL, 'Library Coordinator', 'Library', 7),
(192, 'Mr. Abrar Akrum', NULL, 'Library Coordinator', 'Library', 7),
(193, 'Mr. Rizwan Ali', NULL, 'Manager I.T', 'Computer & Science Labs', 7),
(194, 'Mr. Muhammad Ali', NULL, 'Network Administrator', 'Computer & Science Labs', 7),
(195, 'Mr. Ghulam Nabi', NULL, 'Network Administrator', 'Computer & Science Labs', 7),
(196, 'Mr. Usman Sajid', NULL, 'Network Engineer', 'Computer & Science Labs', 7),
(197, 'Mr. Tariq Niamat', NULL, 'Lab Administrator', 'Computer & Science Labs', 7),
(198, 'Mr. Imran Pasha', NULL, 'Lab Administrator', 'Computer & Science Labs', 7),
(199, 'Ms. Humaira Habib', NULL, 'Lab Administrator', 'Computer & Science Labs', 7),
(200, 'Mr. Raj Inayat', NULL, 'Lab Administrator', 'Computer & Science Labs', 7),
(202, 'Mr. Nasir Ahmed', NULL, 'Lab Administrator', 'Computer & Science Labs', 7),
(203, 'Mr. Abid Ali', NULL, 'Lab Administrator', 'Computer & Science Labs', 7),
(204, 'Mr. Muhammad Nawaz', NULL, 'Lab Administrator', 'Computer & Science Labs', 7),
(205, 'Mr. Muhammad Nadir', NULL, 'Lab Administrator', 'Computer & Science Labs', 7),
(206, 'Mr. Muhammad Adeel', NULL, 'Lab Administrator', 'Computer & Science Labs', 7),
(207, 'Mr. Muhammad Naveed', NULL, 'Lab Administrator', 'Computer & Science Labs', 7),
(208, 'Mr. Zahid Iqbal', NULL, 'Lab Assistant', 'Computer & Science Labs', 7),
(209, 'Mr. Muhammah Raza', NULL, 'Lab Assistant', 'Computer & Science Labs', 7),
(210, 'Mr. Asim Javed', NULL, 'Lab Assistant', 'Computer & Science Labs', 7),
(211, 'Mr. Mushtaq Munir', NULL, 'Lab Assistant', 'Computer & Science Labs', 7),
(212, 'Mr. Muhammad Javaid', NULL, 'Lab Assistant', 'Computer & Science Labs', 7),
(213, 'Mr. Zeeshan Rana', NULL, 'Lab Assistant', 'Computer & Science Labs', 7),
(214, 'Mr. Baghwam Das', NULL, 'Lab Assistant', 'Computer & Science Labs', 7),
(215, 'Mr. Imran Haider', NULL, 'Lab Assistant', 'Computer & Science Labs', 7),
(216, 'Mr. Ahsan Aziz', NULL, 'Lab Assistant', 'Computer & Science Labs', 7),
(217, 'Mr. Zain ul Abidin', NULL, 'Lab Assistant', 'Computer & Science Labs', 7),
(218, 'Mr. Mirza Amir Baig', NULL, 'Lab Assistant', 'Computer & Science Labs', 7),
(219, 'Ms. Qurat ul Ain', NULL, 'Lab Assistant', 'Computer & Science Labs', 7),
(220, 'Ms. Saliha', NULL, 'Lab Assistant', 'Computer & Science Labs', 7),
(221, 'Mr. Shahid Iqbal', NULL, 'Lab Assistant', 'Computer & Science Labs', 7),
(222, 'Mr. Muhammad Nazar Khan', NULL, 'Lab Assistant', 'Computer & Science Labs', 7),
(223, 'Mr. Munir Shahid', NULL, 'Lab Assistant', 'Computer & Science Labs', 7),
(224, 'Mr. Hassan Mehmood', NULL, 'Lab Assistant', 'Computer & Science Labs', 7),
(225, 'Mr. Tariq', NULL, 'Lab Assistant', 'Computer & Science Labs', 7),
(226, 'Mr. Khawar Anwar', NULL, 'Lab Assistant', 'Computer & Science Labs', 7),
(227, 'Ms. Huma Khalil', NULL, 'Lab Assistant', 'Computer & Science Labs', 7),
(228, 'Mr. Yasir Ishaq', NULL, 'Lab Assistant', 'Computer & Science Labs', 7),
(229, 'Mr. Hafiz Touqeer', NULL, 'Lab Assistant', 'Computer & Science Labs', 7),
(230, 'Mr. Asif Shehzad', NULL, 'Lab Assistant', 'Computer & Science Labs', 7),
(231, 'Mr. Farhan Zulfiqaar', NULL, 'Lab Assistant', 'Computer & Science Labs', 7),
(232, 'Mr. Javed Iqbal', NULL, 'Lab Assistant', ' Creative Department', 1),
(233, 'Mr. Muhammad Rizwan', NULL, 'Lab Assistant', ' Creative Department', 1),
(234, 'Mr. Nasir Yaqoob', NULL, 'Lab Assistant', 'Computer & Science Labs', 7),
(235, 'Mr. Hafiz Muhammad Imran', NULL, 'Lab Assistant', 'Computer & Science Labs', 7),
(236, 'Mr. Jahangir Khan', NULL, 'Lab Assistant', 'Computer & Science Labs', 7),
(237, 'Mr. Waqas Nasir Jamal', NULL, 'Project Manager', 'General Administration  Staff', 7),
(238, 'Mr. Shahzada Suneel Azeem', NULL, 'Project Officer', 'General Administration  Staff', 7),
(239, 'Mr. Yasir Ahmad Faraz', NULL, 'Project Coordinator', 'General Administration  Staff', 7),
(240, 'Mr. Mustafa Kamal', NULL, 'Asst. to Project Director', 'General Administration  Staff', 7),
(241, 'Mr. Mujtaba Lodhi', NULL, 'Admin Officer', 'General Administration  Staff', 7),
(242, 'Mr. Muhammad Arshad', NULL, 'Estate Officer', 'General Administration  Staff', 7),
(243, 'Mr. Nashib Ijaz', NULL, 'Estate Officer', 'General Administration  Staff', 7),
(244, 'Mr. Muhammad Imran', NULL, 'Estate Officer', ' Creative Department', 1),
(245, 'Mr. Muhammad Rafiq Ch', NULL, 'Estate Officer', ' Creative Department', 1),
(246, 'Mr. Muhammad Aslam Hayyat', NULL, 'Estate Officer', 'General Administration  Staff', 7),
(247, 'Mr. Zafar Iqbal', NULL, 'Estate Officer', 'General Administration  Staff', 7),
(248, 'Mr. Waheed Shahou', NULL, 'Resident Officer', 'General Administration  Staff', 7),
(249, 'Mr. Israr Ahmed', NULL, 'Purchase Officer', 'General Administration  Staff', 7),
(250, 'Mr. Muhammad Akmal', NULL, 'Purchase Officer', 'General Administration  Staff', 7),
(251, 'Mr. Akhtar Hussain Nawaz', NULL, 'Store Officer', 'General Administration  Staff', 7),
(252, 'Mr. Muhammad Nawaz', NULL, 'Transport Supervisor', ' Creative Department', 1),
(253, 'Mr. Abdul Sattar', NULL, 'Security Supervisor', ' Creative Department', 1),
(254, 'Mr. Sardar Ahmed', NULL, 'Security Supervisor', 'General Administration  Staff', 7),
(255, 'Mr. Murawwat Shah', NULL, 'Security Supervisor', 'General Administration  Staff', 7),
(256, 'Mr. Raees Ahmad', NULL, 'Security Supervisor', 'General Administration  Staff', 7),
(257, 'Mr. Hameed Khan', NULL, 'Security Supervisor', 'General Administration  Staff', 7),
(258, 'Mr. Aqeel Abbas Shah', NULL, 'Security Supervisor', 'General Administration  Staff', 7),
(259, 'Mr. Muhammad Shafiq', NULL, 'Security Supervisor', 'General Administration  Staff', 7),
(260, 'Mr. Gulistan Khan', NULL, 'Security Supervisor', 'General Administration  Staff', 7),
(261, 'Mr. Wasiyat Abbas', NULL, 'Security Supervisor', 'General Administration  Staff', 7),
(262, 'Mr. Muhammad Riaz', NULL, 'Security Supervisor', 'General Administration  Staff', 7),
(263, 'Mr. Hussnain Tarar', NULL, 'Manager International Affairs', 'Superior International Collaboration Office ', 7),
(264, 'Mr. Asif Saleem Butt', NULL, 'Asst. Manager International Affairs', 'Superior International Collaboration Office ', 7),
(265, 'Asad Abbas', NULL, 'Visa Consulting Officer', 'Superior International Collaboration Office ', 7),
(272, 'Dr. Sikander Khan', 'Ph.D', 'Professor', 'Department of Management Sciences', 7),
(277, 'Dr. Muhammad Ibrahim Khalid', 'Ph.D', 'Professor', 'Department of Management Sciences', 7),
(281, 'Dr. Bahau Din Mujtaba', 'Ph. D', 'Associate Prof. ', 'Department of Management Sciences', 7),
(282, 'Dr. Kamran Mosa', 'Ph.D', 'Associate Prof.', 'Department of Management Sciences', 7),
(283, 'Mr. Tahir Khurshid', 'M. Phil', 'Assistant Prof.', 'Department of Management Sciences', 7),
(284, 'Mr. Syed Irshad Hussain Naqvi', 'M.A.', 'Assistant Prof.', 'Department of Management Sciences', 7),
(285, 'Mr. Ahsan Umer', 'M.Phil', 'Assistant Prof.', 'Department of Management Sciences', 7),
(286, 'Mr. Noman Bhatti', 'MBA (USA)', 'Assistant Prof.', 'Department of Management Sciences', 7),
(287, 'Mr. Raza Hasan', 'M. Phil', 'Assistant Prof.', 'Department of Management Sciences', 7),
(288, 'Ms. Arooj Javaid', 'MBA', 'Lecturer', 'Department of Management Sciences', 7),
(289, 'Ms. Nadia Nasir', 'MBA', 'Lecturer', 'Department of Management Sciences', 7),
(290, 'Ms. Sumaira Zafar', 'MBA', 'Lecturer', 'Department of Management Sciences', 7),
(291, 'Mr. Imran Riaz', 'M .Phil', 'Lecturer', 'Department of Management Sciences', 7),
(292, 'Mr. Pirzada Samiullah Sabri', 'M. Phil', 'Lecturer', 'Department of Management Sciences', 7),
(293, 'Mr. Muhammad Yousaf', 'MBA, DCMA, PGD (AE), M.Com', 'Lecturer', 'Department of Management Sciences', 7),
(294, 'Mr. Muhammad  Ikhlaq', 'MBA (PU)', 'Lecturer', 'Department of Management Sciences', 7),
(295, 'Mr. Habib Ahmad', 'Post Graduate Certificate in Education Greenwich University, London', 'Lecturer', 'Department of Management Sciences', 7),
(296, 'Ms. Ayesha Zahid', 'MBA', 'Lecturer', 'Department of Management Sciences', 7),
(297, 'Mr. Hussnain Abbas', 'MIS (Swinburne University, Australia)', 'Lecturer', 'Department of Management Sciences', 7),
(298, 'Mr. Nadeem Iqbal', 'MBA', 'Lecturer', 'Department of Management Sciences', 7),
(299, 'Mr. Waqas Nasir', 'MBA', 'Lecturer', 'Department of Management Sciences', 7),
(300, 'Mr. Hafiz Nawaz', 'MA(Islamiat)', 'Lecturer', 'Department of Management Sciences', 7),
(301, 'Mr. Nadeem Usman ', 'MA', 'Lecturer', 'Department of Management Sciences', 7),
(302, 'Mr. Saqib Imran', 'M.A. English', 'Lecturer', 'Department of Management Sciences', 7),
(303, 'Ms. Asma Khalid', 'M.A English', 'Lecturer', 'Department of Management Sciences', 7),
(304, 'Mr. Sohail Riaz', 'M.A English', 'Lecturer', 'Department of Management Sciences', 7),
(305, 'Mr. Muhammad Afzal Khan', 'MA(Public Admn) M.A History', 'Lecturer', 'Department of Management Sciences', 7),
(306, 'Mr. Atta-Ur-Rehman ', 'M.A Pol. Science Advance Diploma in Admn (NIPA)', 'Lecturer', 'Department of Management Sciences', 7),
(307, 'Ms. Fareha Javaid', 'M.Sc (Psychology)', 'Lecturer', 'Department of Management Sciences', 7),
(308, 'Mr. Saroop Anwer', 'MBA', 'Lecturer', 'Department of Management Sciences', 7),
(309, 'Mr. Asim Jamil', 'M.A.', 'Lecturer', 'Department of Management Sciences', 7),
(310, 'Mr. Irfan Rasheed Farooqui', 'MBE', 'Lecturer', 'Department of Management Sciences', 7),
(311, 'Mr. Muhammad Rashid', 'M.Sc (Stat)', 'Lecturer', 'Department of Management Sciences', 7),
(312, 'Mr.Muhammad Farooq', 'MBA', 'Lecturer', 'Department of Management Sciences', 7),
(313, 'Mr.Azhar Farooq', 'M.Com', 'Lecturer', 'Department of Management Sciences', 7),
(314, 'Ghulam Abbas Shah', 'M.Com', 'Lecturer', 'Department of Management Sciences', 7),
(315, 'Mr .Shehzada Muhammad Bilal', 'M.A.', 'Lecturer', 'Department of Management Sciences', 7),
(316, 'Mr. Muhammad Asif', 'MBA', 'Lecturer', 'Department of Management Sciences', 7),
(317, 'Mr. Rana Muhammad Islam', 'M.Sc(Pak studies)', 'Lecturer', 'Department of Management Sciences', 7),
(318, 'Mr. Malik Mujtaba', 'M. Phil', 'Lecturer', 'Department of Management Sciences', 7),
(319, 'Mr. Muhammad Yaseen', 'M.Sc(Stat)', 'Lecturer', 'Department of Management Sciences', 7),
(320, 'Mr. Shakeel Ahmad', 'M.Com (Finance)', 'Lecturer', 'Department of Management Sciences', 7),
(321, 'Ms. Aqeela Noreen', 'MBA', 'Lecturer', 'Department of Management Sciences', 7),
(322, 'Mr. Anees Anjum', 'MBA', 'Lecturer', 'Department of Management Sciences', 7),
(323, 'Ms. Sadia Ashraf', 'M.Com', 'Lecturer', 'Department of Management Sciences', 7),
(324, 'Mr. Akhtar Abbas', 'MPA', 'Lecturer', 'Department of Management Sciences', 7),
(325, 'Mr. Asif Mehmood Khan', 'MHRM', 'Lecturer', 'Department of Management Sciences', 7),
(326, 'Mr. Amir Sadiq', 'MBA', 'Lecturer', 'Department of Management Sciences', 7),
(327, 'Mr. Saqib Ali Rana', 'MBA', 'Lecturer', 'Department of Management Sciences', 7),
(328, 'Ms. Afshan Hameed', 'MBA', 'Lecturer', 'Department of Management Sciences', 7),
(329, 'Ms. Maliha Anwer', 'MBA', 'Lecturer', 'Department of Management Sciences', 7),
(330, 'Ms. Habiba Zahid', 'MBA', 'Lecturer', 'Department of Management Sciences', 7),
(331, 'Ms. Shumaila Naz', 'MSc(HRM)', 'Lecturer', 'Department of Management Sciences', 7),
(332, 'Mr. Ahmad Fareed Khan', 'MA( International Business)', 'Lecturer', 'Department of Management Sciences', 7),
(333, 'Mr. Salman Khan Mangol', 'M.Sc (Economics & Marketing )', 'Lecturer', 'Department of Management Sciences', 7),
(334, 'Mr. Kashif mehmood', 'M. Phil (Business Management)', 'Lecturer', 'Department of Management Sciences', 7),
(337, 'Mr. Usman Sadiq', 'MBA (Business Management)', 'Lecturer', 'Department of Management Sciences', 7),
(338, 'Ms. Tabinda Islam', 'MBA', 'Lecturer', 'Department of Management Sciences', 7),
(339, 'Mr. Muhammad Rafiq', 'BBA (Hons) HR & Marketing', 'Lecturer', 'Department of Management Sciences', 7),
(340, 'Khurram Ikhlaq', 'MBA', 'Lecturer', 'Department of Management Sciences', 7),
(343, 'Mr. Hammad Saleem Mahoon', 'MBA', 'Lecturer', 'Department of Management Sciences', 7),
(344, 'Mr. Col. Javaid Sheer', 'MBA, PGD', 'Lecturer', 'Department of Management Sciences', 7),
(345, 'Mr. Haider Zaidi', 'MBA', 'Lecturer', 'Department of Management Sciences', 7),
(346, 'Mr. Kamran Saeed', 'MBA', 'Lecturer', 'Department of Management Sciences', 7),
(347, 'Mr. Maj. Nauman Majeed', 'MBA', 'Lecturer', 'Department of Management Sciences', 7),
(348, 'Mr. Mohsin Iqbal', 'MBA', 'Lecturer', 'Department of Management Sciences', 7),
(349, 'Mr. Rizwan ur Rehman', 'MA (Mass communication Management)  ', 'Lecturer', 'Department of Management Sciences', 7),
(350, 'Mr. Bilal Haider Rana', 'MS (Communication Studies)', 'Lecturer', 'Department of Management Sciences', 7),
(351, 'Mr. Asim Manzor', 'MA (Mass communication Management)  ', 'Lecturer', 'Department of Management Sciences', 7),
(352, 'Ms. Bushra Rafique Chugtai', 'MA (Mass communication Management) ', 'Lecturer', 'Department of Management Sciences', 7),
(353, 'Mr. Imran Abbas', 'MBA (Business Management)', 'Lecturer', 'Department of Management Sciences', 7),
(354, 'Ms. Maryum Javaid', 'MBA (Business Management)', 'Lecturer', 'Department of Management Sciences', 7),
(355, 'Mr. Waqas Raza Khan Lodhi', 'MBA (Business Management)', 'Lecturer', 'Department of Management Sciences', 7),
(356, 'Mr. Adeel Shahzad', 'MBA (Business Management)', 'Lecturer', 'Department of Management Sciences', 7),
(357, 'Mr. Kashif Iqbal', 'MBA (Finance)', 'Lecturer', 'Department of Management Sciences', 7),
(358, 'Mr. Imtiaz Hussain', 'M. Sc Management', 'Lecturer', 'Department of Management Sciences', 7),
(359, 'Mr. Hafeez Ahmed', 'M.Com', 'Lecturer', 'Department of Management Sciences', 7),
(360, 'Mr. Mureed Shah', 'M.Com', 'Lecturer', 'Department of Management Sciences', 7),
(361, 'Mr. Abdul Rehman Makki', 'M.Com', 'Lecturer', 'Department of Management Sciences', 7),
(362, 'Mr. Shujat Khalid', 'M.Com', 'Lecturer', 'Department of Management Sciences', 7),
(363, 'Mr. Tahir Adeel', 'M.Com', 'Lecturer', 'Department of Management Sciences', 7),
(364, 'Mr. Muhammad Younas', 'M.Com', 'Lecturer', 'Department of Management Sciences', 7),
(365, 'Mr. Muhammad Irfan', 'M.Com', 'Lecturer', 'Department of Management Sciences', 7),
(366, 'Mr. Bilal Noor', 'MBA (Finance)', 'Lecturer', 'Department of Management Sciences', 7),
(367, 'Mr. Muhammad Ali', 'MBA (Marketing)', 'Lecturer', 'Department of Management Sciences', 7),
(368, 'Mr. Salman Sabir', 'Lecturer', ' MBA', 'Department of Management Sciences', 7),
(369, 'Mr. Usman Ali', 'MBA', 'Lecturer ', 'Department of Management Sciences', 7),
(370, 'Mr. Asjad Maqsood ', 'M.Com', 'Lecturer ', 'Department of Management Sciences', 7),
(371, 'Ms. Sara Javaid ', 'MBA', 'Lecturer ', 'Department of Management Sciences', 7),
(372, 'Mr. Ammad Un Nasar ', 'MBA', 'Lecturer ', 'Department of Management Sciences', 7),
(373, 'Mr. Shoukat ali bhatti ', 'M.Com', 'Lecturer ', 'Department of Management Sciences', 7),
(374, 'Mr. Yasir khan ', 'M.Com', 'Lecturer ', 'Department of Management Sciences', 7),
(375, 'Mr. Yasir naveed ', 'M.Com', 'Lecturer ', 'Department of Management Sciences', 7),
(376, 'Ms. Mahliqa Yousaf ', 'BBA (Hons) HR & Marketing', 'Lecturer ', 'Department of Management Sciences', 7),
(377, 'Mr. Zeeshan-uz-Zaman ', 'MBA (Business Management)', 'Lecturer ', 'Department of Management Sciences', 7),
(378, 'Mr. Hammad Ahmad', 'M. Com', ' Lecturer ', 'Department of Management Sciences', 7),
(379, 'Mr. Imran Ejaz ', 'MBA (Business Management)', 'Lecturer ', 'Department of Management Sciences', 7),
(380, 'Mr. Ahmad Bilal ', 'MBA (Business Management)', 'Lecturer ', 'Department of Management Sciences', 7),
(381, 'Mr. Muhammad Shakeel ', 'B. Sc (Math & Physics)', 'Lecturer ', 'Department of Management Sciences', 7),
(382, 'Mr. Naveed Ahmed Solangi ', 'BS. Public Administration', 'Lecturer ', 'Department of Management Sciences', 7),
(383, 'Dr. Muhammad Farooq Aslam', 'Ph. D', 'Professor', 'Department of Engineering and Technology', 7),
(384, 'Dr. Musarat Ullah Afridi', 'Ph. D', 'Professor', 'Department of Engineering and Technology', 7),
(385, 'Dr. Niaz Ahmad Memoon', 'Ph. D', 'Associate Prof.', 'Department of Engineering and Technology', 7),
(386, 'Dr. Pervaiz Habib Ullah ', 'Ph. D', ' Associate.Prof ', 'Department of Engineering and Technology', 7),
(387, 'Dr. Amjad Hussain ', 'Ph. D', 'Associate Prof. ', 'Department of Engineering and Technology', 7),
(388, 'Mr. Muhammad Abubakar ', 'M.Sc (Elec Engg)', 'Assistant Prof. ', 'Department of Engineering and Technology', 7),
(389, 'Mr. Syed Ali Noman Gillani ', 'MS (Telecom Engineering)', 'Assistant Prof. ', 'Department of Engineering and Technology', 7),
(390, 'Mr. M. Khurram Zahur Bajwa ', 'MS (Digital Communication Networks)', 'Assistant Prof. ', 'Department of Engineering and Technology', 7),
(391, 'Mr. M. Ashraf Bhatti ', 'M.Sc (Electrical Engineering)', 'Assistant Prof. ', 'Department of Engineering and Technology', 7),
(392, 'Mr. Bilal Masood ', 'MS (Electrical Engineering)', 'Lecturer ', 'Department of Engineering and Technology', 7),
(393, 'Mr. Mirza Zohaib ', 'M.Sc (Thermal Power Engg)', 'Lecturer ', 'Department of Engineering and Technology', 7),
(394, 'Mr. Syed Waseem Naqvi ', ' M.Sc (Telecommunication)', 'Lecturer', 'Department of Engineering and Technology', 7),
(395, 'Mr. Toheed Khalid', 'MS (Computer Sciences)', ' Lecturer ', 'Department of Engineering and Technology', 7),
(396, 'Mr. Muhammad Sakhar Arshad ', 'M.Sc Electrical', 'Lecturer ', 'Department of Engineering and Technology', 7),
(397, 'Mr. Faizan Asif ', 'M. Sc (Aerospace Engineering)', 'Lecturer ', 'Department of Engineering and Technology', 7),
(398, 'Ms. Naushaba Azhar ', 'M. Sc (Human Settlements)', 'Lecturer ', 'Department of Engineering and Technology', 7),
(399, 'Mr. Tauqir Abbas', 'M. Sc(Town Planning)', ' Lecturer ', 'Department of Engineering and Technology', 7),
(400, 'Mr. A Sattar Sikandar ', 'M. Sc(Town Planning)', 'Lecturer ', 'Department of Engineering and Technology', 7),
(401, 'Mr. Mian Muhammad Arif ', 'M. Sc(City & Regional Planning )', 'Lecturer', 'Department of Engineering and Technology', 7),
(402, 'Mr. Izhar ul Haq', ' M. Sc(City & Regional Planning)', ' Lecturer', 'Department of Engineering and Technology', 7),
(403, 'Mr. Shahid Sattar ', 'M. Sc (Interior Designing)', 'Lecturer ', 'Department of Engineering and Technology', 7),
(404, 'Mr. Sabir Iqbal ', 'B. Sc (Architecture)', 'Lecturer ', 'Department of Engineering and Technology', 7),
(405, 'Mr. Muhammad Imran ', 'B. Sc (Architecture)', 'Lecturer ', 'Department of Engineering and Technology', 7),
(406, 'Mr. Muti ul Haq', 'B. Sc (Architecture)', ' Lecturer ', 'Department of Engineering and Technology', 7),
(407, 'Mr. Ghulam Dastgir ', 'B. Sc (Architecture)', 'Lecturer ', 'Department of Engineering and Technology', 7),
(408, 'Mr. Noman Aftab ', 'B.Sc Hons (Electrical Engineering)', 'Lecturer ', 'Department of Engineering and Technology', 7),
(409, 'Mr. Usman Ali', 'B.Sc Hons (Electrical Engineering)', ' Lecturer ', 'Department of Engineering and Technology', 7),
(410, 'Mr. Muhammad Asif Siddiqui ', 'B.E (Electrical Engineering)', 'Lecturer ', 'Department of Engineering and Technology', 7),
(411, 'Mr. Shahbaz Hussain ', 'B.E (Telecom Engineering)', 'Lecturer ', 'Department of Engineering and Technology', 7),
(412, 'Mr. Ghias Amjad Malik', ' B.E (Telecom Engineering)', ' Lecturer', 'Department of Engineering and Technology', 7),
(413, 'Mr. Khalil Ahmad  ', 'BS (Telecom Engineering)', 'Lecturer', 'Department of Engineering and Technology', 7),
(414, 'Mr. Mohsin M Syed', 'B.Sc (Electrical Engineering)', ' Lecturer ', 'Department of Engineering and Technology', 7),
(415, 'Mr. Zahoor Ahmad', 'B.Sc (Electronics Engineering)', ' Lecturer ', 'Department of Engineering and Technology', 7),
(416, 'Mr. Muhammad Ashraf  Siddiqui ', 'B.E (Electrical Engineering)', 'Lecturer ', 'Department of Engineering and Technology', 7),
(417, 'Mr. Muhammd Umar Zaigham ', 'B.Sc (Electrical Engineering)', 'Lecturer ', 'Department of Engineering and Technology', 7),
(418, 'Mr. Muhammd Umar Zaigham ', ' B.Sc (Electrical Engineering)', 'Lecturer', 'Department of Engineering and Technology', 7),
(419, 'Mr. Usman Shehzaib ', 'BS (Electronics)', 'Lecturer ', 'Department of Engineering and Technology', 7),
(420, 'Mr. Ahmed Ali ', 'BS (Electronics)', 'Lecturer ', 'Department of Engineering and Technology', 7),
(421, 'Ms. Sundas Hannan', ' B.Sc (Electrical)', ' Lecturer', 'Department of Engineering and Technology', 7),
(422, 'Mr. Sohaib Aslam ', 'B.Sc (Electrical)', 'Lecturer ', 'Department of Engineering and Technology', 7),
(423, 'Mr. Affan Ahmed ', 'BSc (Math & Physics)', 'Lecturer ', 'Department of Engineering and Technology', 7),
(488, ' Dr. Muhammad Khayrat ', 'Ph.D', 'Professor ', ' Department of Economics and Commerce', 7),
(490, 'Dr. Omer  Masood ', 'Ph.D', 'Professor ', ' Department of Economics and Commerce', 7),
(491, 'Dr. Nadeem Ahmad Associate ', 'Ph.D', 'Prof. ', ' Department of Economics and Commerce', 7),
(492, 'Dr. Ikram Ullah Ch Associate ', 'Prof. ', 'Ph.D', ' Department of Economics and Commerce', 7),
(493, 'Dr. Shahzad Nayyar Jehan', ' Ph.D', ' Associate Prof.', ' Department of Economics and Commerce', 7),
(494, 'Dr. Muhammad Arshad', ' Ph.D', ' Associate Prof.', ' Department of Economics and Commerce', 7),
(495, 'Mr. Irfan Ullah Khan', 'M.Phill', ' Assistant Prof. ', ' Department of Economics and Commerce', 7),
(496, 'Mr. Mubashir Waseem ', 'M.A Economics, MBA, MCS', 'Assistant Prof. ', ' Department of Economics and Commerce', 7),
(497, 'Mr. Zia Ullah Khan ', 'M.A. Economics (QAU)', 'Assistant Prof. ', ' Department of Economics and Commerce', 7),
(498, 'Mr. Hafiz Ashraf ', 'M.A. Economics', 'Assistant Prof. ', ' Department of Economics and Commerce', 7),
(499, 'Mr. Amir Akbar ', 'CIMA (ACMA-UK)', 'Lecturer ', ' Department of Economics and Commerce', 7),
(500, 'Mr. M. Ilyas ', 'M. Phil (Economics)', 'Lecturer ', ' Department of Economics and Commerce', 7),
(501, 'Mr. Habib Asghar', 'M. Phil ( Economics)', ' Lecturer ', ' Department of Economics and Commerce', 7),
(502, 'Mr. Hisham-ul-Hassan ', 'M.Com (PU)', 'Lecturer ', ' Department of Economics and Commerce', 7),
(503, 'Mr. M. Shahid ', 'M.Com', 'Lecturer ', ' Department of Economics and Commerce', 7),
(504, 'Ms. Rukhsana Qazi ', 'M.Com', 'Lecturer ', ' Department of Economics and Commerce', 7),
(505, 'Mr. Naveed Ashraf ', 'M.A (Economics)', 'Lecturer ', ' Department of Economics and Commerce', 7),
(506, 'Mr. Asghar Ali', ' M.A (Economics)', ' Lecturer', ' Department of Economics and Commerce', 7),
(507, 'Mr. M. Yousuf ', 'M.Com', 'Lecturer ', ' Department of Economics and Commerce', 7),
(508, 'Ms. Yasmin Munir', 'M.Com', ' Lecturer ', ' Department of Economics and Commerce', 7),
(509, 'Mr. Muhammad Ejaz ', 'M.A. (Eco)', 'Lecturer ', ' Department of Economics and Commerce', 7),
(510, 'Mr.Muhammad Khalil ', 'M.Com', 'Lecturer ', ' Department of Economics and Commerce', 7),
(512, 'Ms. Riffat Safdar ', 'M.A Economics', 'Lecturer ', ' Department of Economics and Commerce', 7),
(513, 'Mr. Muhammad Jameel ', 'ACCA', 'Lecturer ', ' Department of Economics and Commerce', 7),
(514, 'Mr. Salman Ali', 'M.A Economics', ' Lecturer ', ' Department of Economics and Commerce', 7),
(515, 'Mr. M. Babar Hussain ', 'M.A Economics', 'Lecturer ', ' Department of Economics and Commerce', 7),
(516, 'Ms. Asma Noreen ', 'M.A Economics', 'Lecturer ', ' Department of Economics and Commerce', 7),
(517, 'Mr. M. Mubashar', 'M.Com', ' Lecturer ', ' Department of Economics and Commerce', 7),
(518, 'Mr. Asim Rasheed ', 'M.Com', 'Lecturer ', ' Department of Economics and Commerce', 7),
(519, 'Mr. Maqsood Aleem ', ' M.A Economics', 'Lecturer', ' Department of Economics and Commerce', 7),
(520, 'Mr. Sanawar Khan Awan', ' M.A Economics', ' Lecturer', ' Department of Economics and Commerce', 7),
(521, 'Mr. Muhammad Bilal ', 'M.A Economics', 'Lecturer ', ' Department of Economics and Commerce', 7),
(522, 'Mr. Azhar Farooq ', 'M.Com', 'Lecturer ', ' Department of Economics and Commerce', 7),
(523, 'Mr. Yasir Tahir', 'M. Com', ' Lecturer ', ' Department of Economics and Commerce', 7),
(524, 'Mr. Muhammad Khalil ', 'M. Com', 'Lecturer ', ' Department of Economics and Commerce', 7),
(525, 'Mr. Muhammad Jamshaid Shafi ', 'M. A Economics', 'Lecturer ', ' Department of Economics and Commerce', 7),
(526, 'Mr.Hafiz Ateeq ur Rehman', ' MBA (Finance)', ' Lecturer', ' Department of Economics and Commerce', 7),
(527, 'Mr. Khwaja Muhammad Ikhlaq ', 'MBA (Finance)', 'Lecturer ', ' Department of Economics and Commerce', 7),
(528, 'Mr. Shahzad Ali ', 'M. sc (Economics)', 'Lecturer ', ' Department of Economics and Commerce', 7),
(529, 'Mr. Arshad Ali ', 'M.A Islamiat', 'Lecturer ', ' Department of Economics and Commerce', 7),
(530, 'Mr. Muhammad Nawaz ', 'M. Com', 'Lecturer ', ' Department of Economics and Commerce', 7),
(531, 'Ms. Sidra Bashir ', 'M.A(Finance)', 'Lecturer ', ' Department of Economics and Commerce', 7),
(532, 'Mr. Mubashir Ali ', 'M.Sc(Financial Management)', 'Lecturer ', ' Department of Economics and Commerce', 7),
(533, 'Mr. Arif Hussain ', 'M.com', 'Lecturer ', ' Department of Economics and Commerce', 7),
(534, 'Mr. Shahbaz Mushtaq ', ' M.Com', 'Lecturer', ' Department of Economics and Commerce', 7),
(535, 'Mr. Usman Wali ', ' M.Com', 'Lecturer', ' Department of Economics and Commerce', 7),
(536, 'Ms. Hafiza Attia Majeed ', 'MBE', 'Lecturer ', ' Department of Economics and Commerce', 7),
(537, 'Mr. Muhammad Haris ', 'M.Com', 'Lecturer ', ' Department of Economics and Commerce', 7),
(538, 'Mr. Syed Ali Mohsin Naqvi', 'MBA (Finance)', ' Lecturer ', ' Department of Economics and Commerce', 7),
(539, 'Ms. Sadia Farooqi Supporting ', 'M. Sc (Economics)', 'Lecturer ', ' Department of Economics and Commerce', 7),
(540, 'Mr. Zohaib Saleem Supporting ', 'M.Com', 'Lecturer ', ' Department of Economics and Commerce', 7),
(541, 'Ms. Zahra Amjad Supporting ', ' M.Sc Economics', 'Lecturer', ' Department of Economics and Commerce', 7),
(542, 'Prof.Dr. Akbar Chaudhry', 'MRCP(UK) FRCP (Edin), FRCP(London), FACC(USA)', 'Professor / Principal', ' Department of Medical and Health Sciences', 7),
(543, 'Dr. Fahim Haider Jafari ', 'MBBS, M.Phil, PhD', 'Professor (HOD) ', ' Department of Medical and Health Sciences', 7),
(544, 'Dr. Rubina Anwaar ', ' MBBS, M.Phil', 'Professor', ' Department of Medical and Health Sciences', 7),
(545, 'Dr. Hamayun Ikram ', 'MBBS, M. Phil (Physio)', 'Professor (HOD) ', ' Department of Medical and Health Sciences', 7),
(546, 'Dr. Saboohi Saeed ', 'MBBS, M.Phil', 'Professor ', ' Department of Medical and Health Sciences', 7),
(547, 'Prof. Dr. Muslim Khan ', 'M. Phil (Biochemistry)', 'Professor ', ' Department of Medical and Health Sciences', 7),
(548, 'Dr. Khalid Hassan ', 'MBBS, M. Phil', 'Professor ', ' Department of Medical and Health Sciences', 7),
(549, ' Col. Dr. Delawar', 'MBBS, MCPS, FCPS, FACP', 'Professor (Chemical)', ' Department of Medical and Health Sciences', 7),
(550, 'Dr. Muhammad Aslam ', ' MBBS, FCPS, MS', 'Professor', ' Department of Medical and Health Sciences', 7),
(551, 'Dr. Malik M. Nazir Khan ', 'MBBS, MCPS, FCPS', 'Professor ', ' Department of Medical and Health Sciences', 7),
(552, 'Dr. Fehmida Naheed ', 'MBBS, FCPS', 'Professor ', ' Department of Medical and Health Sciences', 7),
(553, 'Dr. Shahid Naqqash  ', 'MBBS, FCPS', 'Associate Professor ', ' Department of Medical and Health Sciences', 7),
(554, 'Dr. Muhammad Riaz ', '(Histo) MBBS, DCP, M.Phil', 'Assoc. Prof. ', ' Department of Medical and Health Sciences', 7),
(555, 'Dr. Abdul Rauf Goraya ', 'MBBS, FCPS, MRCS', 'Assistant Professor ', ' Department of Medical and Health Sciences', 7),
(556, 'Dr. Irfan Haider', 'MBBS. FCPS', ' Assistant Professor ', ' Department of Medical and Health Sciences', 7),
(557, 'Dr.rer.nat.Azhar Sherkheli ', 'B.Pharma, M.Phil, PhD', 'Assistant Professor ', ' Department of Medical and Health Sciences', 7),
(558, 'Dr. M. Usman Tahir Assistant ', 'M. Phil (Pharmacology)', 'Professor ', ' Department of Medical and Health Sciences', 7),
(573, 'Dr. Amir Jalal', 'M. Phil (Biochem)Ph. D', ' Assistant Professor ', ' Department of Medical and Health Sciences', 7),
(574, 'Dr. Muhammad Barkaat ', '(Micro Bio) M. Phil (Microbiology)', 'Asst. Prof. ', ' Department of Medical and Health Sciences', 7),
(575, 'Dr. Najma Shoaib ', 'MBBS, DMJ', 'Assistant Professor ', ' Department of Medical and Health Sciences', 7),
(576, 'Dr. M. Zahid Latif ', 'MBBS, MPH', 'Assistant  Professor ', ' Department of Medical and Health Sciences', 7),
(577, 'Dr. Anwar Ch. ', ' (Urology) MBBS, FCPS', 'Assistant Prof', ' Department of Medical and Health Sciences', 7),
(578, 'Dr. Imran Zafar ', ' MBBS, FCPS, FAO', 'Assistant Professor', ' Department of Medical and Health Sciences', 7),
(579, 'Dr. Muhammad Saeed ', 'MBBS, FCPS', 'Assistant Professor ', ' Department of Medical and Health Sciences', 7),
(580, 'Dr. Muhammad Fiaz', ' MBBS, MCPS, FCPS', ' Assistant Professor', ' Department of Medical and Health Sciences', 7),
(581, 'Dr. Abdullah Mohsin', ' MBBS, MCPS, FCPS', ' Assistant Professor', ' Department of Medical and Health Sciences', 7),
(582, 'Dr. Aliya Tayyiba ', 'MBBS, FCPS', 'Assistant Professor ', ' Department of Medical and Health Sciences', 7),
(583, 'Dr. Tanzeela Falak ', 'MBBS, FCPS', 'Assistant Professor ', ' Department of Medical and Health Sciences', 7),
(584, 'Dr. Saba Abdul Sattar', 'MBBS, FCPS', ' Assistant Professor ', ' Department of Medical and Health Sciences', 7),
(585, 'Dr. Atif Qureshi ', 'MBBS, FCPS', 'Assistant Professor ', ' Department of Medical and Health Sciences', 7),
(586, 'Dr. Abdul Rauf Goraya', 'MBBS, FCPS, MRCS', ' Assistant Professor ', ' Department of Medical and Health Sciences', 7),
(587, 'Dr. Ahmed Ayyaz ', 'MBBS', 'Demonstrator ', ' Department of Medical and Health Sciences', 7),
(588, 'Dr. M. Asad Ahmed ', 'MBBS', 'Demonstrator ', ' Department of Medical and Health Sciences', 7),
(589, 'Dr. Waseem Akhter ', ' MBBS', 'Demonstrator', ' Department of Medical and Health Sciences', 7),
(590, 'Dr. Arif Mehmood ', 'MBBS', 'Demonstrator ', ' Department of Medical and Health Sciences', 7),
(591, 'Dr. Qurat-ul-Ain Tahira Raza ', 'MBBS, DGO', 'Demonstrator ', ' Department of Medical and Health Sciences', 7),
(592, 'Dr. Sadia Nazir ', ' MBBS', 'Demonstrator', ' Department of Medical and Health Sciences', 7),
(593, 'Dr. Uzma Shehzadi ', 'MBBS', 'Demonstrator ', ' Department of Medical and Health Sciences', 7),
(594, 'Dr. Hafiz Shafiq Ahsan', ' MBBS', ' Demonstrator', ' Department of Medical and Health Sciences', 7),
(595, 'Dr. Afsheen Ijaz ', 'MBBS', 'Demonstrator ', ' Department of Medical and Health Sciences', 7),
(596, 'Dr. Nadia Ahmad ', 'MBBS', 'Demonstrator ', ' Department of Medical and Health Sciences', 7),
(597, 'Dr. Ali Raza ', 'MBBS', 'Demonstrator ', ' Department of Medical and Health Sciences', 7),
(598, 'Dr. Sami-ullah-Mumtaz ', 'MBBS', 'Demonstrator ', ' Department of Medical and Health Sciences', 7),
(599, 'Dr. Lubna Jabeen ', ' MBBS', 'Demonstrator', ' Department of Medical and Health Sciences', 7),
(600, 'Dr. Aniqa Kanwal', 'MBBS', ' Demonstrator ', ' Department of Medical and Health Sciences', 7),
(601, 'Dr. Labiba Ahmad ', 'MBBS', 'Demonstrator ', ' Department of Medical and Health Sciences', 7),
(602, 'Dr. Afsheen Akber ', 'MBBS', 'Demonstrator ', ' Department of Medical and Health Sciences', 7),
(603, 'Dr. Hafiz Muhammad Jaffar ', 'MBBS', 'Demonstrator ', ' Department of Medical and Health Sciences', 7),
(604, 'Dr. Soophia Rasheed ', 'MBBS', 'Demonstrator ', ' Department of Medical and Health Sciences', 7),
(605, 'Dr. Jalil-ur-Rehman', ' MBBS', ' Demonstrator', ' Department of Medical and Health Sciences', 7),
(606, 'Dr. Shakil Zar-e-Khawri Siddiqui ', ' MBBS', 'Demonstrator', ' Department of Medical and Health Sciences', 7),
(607, 'Dr. Waheed Iqbal Malik ', 'MBBS', 'Demonstrator ', ' Department of Medical and Health Sciences', 7),
(608, 'Dr. Muneeb Habib Khan ', 'MBBS', 'Demonstrator ', ' Department of Medical and Health Sciences', 7),
(609, 'Dr. Shahid Masud ', 'MBBS', 'Demonstrator ', ' Department of Medical and Health Sciences', 7),
(610, 'Dr. Shahida Nazir ', 'MBBS', 'Demonstrator ', ' Department of Medical and Health Sciences', 7),
(611, 'Dr. Farzand Ali ', 'MBBS', 'Demonstrator ', ' Department of Medical and Health Sciences', 7),
(612, 'Dr. Qazi Mumtaz ', 'MBBS', 'Demonstrator ', ' Department of Medical and Health Sciences', 7),
(613, 'Dr. Hafiz Rizwan Amjad ', 'MBBS', 'Demonstrator ', ' Department of Medical and Health Sciences', 7),
(614, 'Dr. Naima Mir ', ' MBBS', 'Demonstrator', ' Department of Medical and Health Sciences', 7),
(615, 'Dr. Jouveria Aslam Shiekh ', 'MBBS', 'Demonstrator ', ' Department of Medical and Health Sciences', 7),
(616, 'Dr. Wasaf Mehmood ', 'MBBS', 'Demonstrator ', ' Department of Medical and Health Sciences', 7),
(617, 'Dr. Aliya Aslam', 'MBBS', ' Sr. Demonstrator ', ' Department of Medical and Health Sciences', 7),
(618, 'Dr. Muhammad Abubakar ', 'MBBS', 'Demonstrator ', ' Department of Medical and Health Sciences', 7),
(619, 'Muhammad Ammar ', 'MBBS', 'Demonstrator ', ' Department of Medical and Health Sciences', 7),
(620, 'Dr. Arooj Usman ', 'MBBS', 'Demonstrator ', ' Department of Medical and Health Sciences', 7),
(621, 'Dr. Mh. Latif Kamran ', 'MBBS', 'Demonstrator ', ' Department of Medical and Health Sciences', 7),
(622, 'Dr. Atif Saeed ', ' MBBS', 'Demonstrator', ' Department of Medical and Health Sciences', 7),
(623, 'Dr. Muhammad Amjad ', 'MBBS', 'Demonstrator ', ' Department of Medical and Health Sciences', 7),
(624, 'Dr. Faheem Mubashir', 'MBBS', ' Demonstrator ', ' Department of Medical and Health Sciences', 7),
(625, 'Dr. Ahmed Ayyaz ', 'MBBS', 'Demonstrator ', ' Department of Medical and Health Sciences', 7),
(626, 'Prof. Dr. Zafar Iqbal ', 'Ph. D (Chemistry)', 'Professor ', ' Department of Pharmacy', 7),
(627, 'Dr. M. Hafeez Ikram ', 'Ph. D (Applied Microbiology)', 'Professor ', ' Department of Pharmacy', 7),
(628, 'Dr. Tariq Mehmood ', 'Ph. D (Chemistry)', 'Professor ', ' Department of Pharmacy', 7),
(629, 'Prof. Dr. Rizwan Mahmood ', 'Ph. D (Pharmaceutical Chemistry)', 'Associate Prof.  ', ' Department of Pharmacy', 7),
(630, 'Dr. Azhar M Sherkheli ', 'Ph. D (Pharmaceutical Sciences)', 'Associate Prof. ', ' Department of Pharmacy', 7),
(631, 'Dr. Zaffar Alam Mahmood ', 'Ph. D (Pharmaceutics)', 'Associate Prof. ', ' Department of Pharmacy', 7),
(632, 'Mr. Ch. Abdul Aziz ', ' M. Phil', 'Assistant Prof.', ' Department of Pharmacy', 7),
(633, 'Mr. Aqeel Ashraf Javaid ', ' M. Phil', 'Assistant Prof.', ' Department of Pharmacy', 7),
(634, 'Mr. Shahzad Qamar ', ' M. Phil', 'Assistant Prof.', ' Department of Pharmacy', 7),
(635, 'Ms. Qurratul Ain Anwar ', 'Pharm-D', 'Lecturer ', ' Department of Pharmacy', 7),
(636, 'Mrs. Abida Noureen ', ' B. Pharm', 'Lecturer', ' Department of Pharmacy', 7),
(637, 'Mr. Sohaib Iftikhar Baig ', 'B. Pharm', 'Lecturer ', ' Department of Pharmacy', 7),
(638, 'Mr. Imran Yaqoot', 'Pharm-D', ' Lecturer ', ' Department of Pharmacy', 7),
(639, 'Mr. Haseeb ur Rehman ', 'Pharm-D', 'Lecturer ', ' Department of Pharmacy', 7),
(640, 'Ms. Rabia Fawad', 'Pharm-D', ' Lecturer ', ' Department of Pharmacy', 7),
(641, 'Mr. Haroon Fawad ', 'B. Pharm', 'Lecturer ', ' Department of Pharmacy', 7),
(642, 'Mr. Masood ur Rehman ', 'B. Pharm', 'Lecturer ', ' Department of Pharmacy', 7),
(643, 'Ms. Asima Hameed ', 'Pharm-D', 'Lecturer ', ' Department of Pharmacy', 7),
(644, 'Dr. Mohammad. Naeem ', 'Ph.D', 'Professor ', ' Department of Law', 7),
(645, 'Dr. Munir Ahmed Mughal ', 'Ph. D', 'Professor ', ' Department of Law', 7),
(646, 'Dr. Danishwar Malik ', ' Ph. D', 'Professor', ' Department of Law', 7),
(647, 'Dr. Shaukat Husain ', 'Ph.D', 'Professor ', ' Department of Law', 7),
(648, 'Dr. Liaqat Ali Khan ', 'Ph. D', ' Professor', ' Department of Law', 7),
(649, 'Mr. Syed Aatir Hussain Rizvi ', 'LLM (Cambridge)', 'Associate Prof. ', ' Department of Law', 7),
(650, 'Mr. Rehan Aziz ', 'LLM', 'Assistant Prof. ', ' Department of Law', 7),
(651, 'Mr. Bilal Kashmiri ', 'LLM (UK)', 'Assistant Prof. ', ' Department of Law', 7),
(652, 'Mr. Naveed Abbas ', ' LLB', 'Assistant Prof.', ' Department of Law', 7),
(653, 'Mr. Faisal Shahkar ', 'LLM (UK)', 'Assistant Prof. ', ' Department of Law', 7),
(654, 'Mr. Gohar Siddique ', ' LLM (UK)', 'Assistant Prof.', ' Department of Law', 7),
(655, 'Mr. Fareed ul Hassan ', ' LLM (AUS)', 'Assistant Prof.', ' Department of Law', 7),
(656, 'Mr. Aslam Waseem ', 'LLM', 'Lecturer ', ' Department of Law', 7),
(657, 'Ms. Nazia Naheed ', 'LL.B (SUP)', 'Lecturer ', ' Department of Law', 7),
(658, 'Mr. Shahzad Qureshi ', 'LL.B (PU)', 'Lecturer ', ' Department of Law', 7),
(659, 'Mr. Aftab Hasan', 'LL.B (PU)', ' Lecturer ', ' Department of Law', 7),
(660, 'Mr. Aslam Waseem ', 'LLM', 'Lecturer ', ' Department of Law', 7);
INSERT INTO `su_staff` (`sta_id`, `sta_name`, `sta_qualification`, `sta_designation`, `depart`, `camp`) VALUES
(661, 'Mr. Muhammad Azfar Abbas', 'LLM (USA)', ' Lecturer ', ' Department of Law', 7),
(662, 'Ms. Amber Tahir', 'MA, LLB', ' Lecturer ', ' Department of Law', 7),
(663, 'Mr. Muneeb Ashraf Cheema', 'MSC, LLB', ' Lecturer ', ' Department of Law', 7),
(664, 'Ms. Mehwish Moazzam ', ' MA, LLB', 'Incharge BEL', ' Department of Law', 7),
(665, 'Mr. Irfan Mazhar ', 'LL. B', ' Lecturer ', ' Department of Law', 7),
(666, 'Mr. Rana Shahzad Khalid', ' LL.B', ' Lecturer', ' Department of Law', 7),
(667, 'Barrister Haris Ramzan	', 'Bar-At-Law', ' Lecturer	 ', ' Department of Law', 7),
(668, 'Mr. Usman Khan', 'MA, LLB', ' Lecturer ', ' Department of Law', 7),
(669, 'Barrister Husnain Ch. ', 'Bar-At-Law', 'Lecturer ', ' Department of Law', 7),
(670, 'Mr. Muhammad Ijaz ', ' LLB (PU)', 'Lecturer', ' Department of Law', 7),
(671, 'Dr. Azhar Iqbal', 'Ph. D', 'Professor', ' Department Information Techonolgy and Computer Sciences', 7),
(672, 'Dr. Bashir Sadiq ', 'Ph. D', 'Professor ', ' Department Information Techonolgy and Computer Sciences', 7),
(673, 'Dr. Syed Faizan Haider ', 'Ph. D', 'Professor ', ' Department Information Techonolgy and Computer Sciences', 7),
(674, 'Dr. Babar Aziz Mirza ', 'Ph. D', 'Associate Prof. ', ' Department Information Techonolgy and Computer Sciences', 7),
(675, 'Dr. Zahid Hussain ', 'Ph. D', 'Associate Prof. ', ' Department Information Techonolgy and Computer Sciences', 7),
(676, 'Dr. Muhammad Usman Hashmi ', ' Ph. D', 'Prof. Associate ', ' Department Information Techonolgy and Computer Sciences', 7),
(677, 'Mr. Noman Ahmad ', 'M. Phil (Physics)', 'Assistant Prof. ', ' Department Information Techonolgy and Computer Sciences', 7),
(678, 'Mr. Asad Umer Khan', 'M. Phil (Physics) with Electronics', ' Assistant Prof. ', ' Department Information Techonolgy and Computer Sciences', 7),
(679, 'Mr. Haroon Rasheed ', 'M. Phil', 'Assistant Prof. ', ' Department Information Techonolgy and Computer Sciences', 7),
(680, 'Mr. Mustafa Hassan', 'MS (Computer Science)', ' Assistant Prof. ', ' Department Information Techonolgy and Computer Sciences', 7),
(681, 'Mr. Khurram Zahor Bajwa ', 'MS ( Digital Communication)', 'Assistant Prof. ', ' Department Information Techonolgy and Computer Sciences', 7),
(682, 'Mr. Syed Yasir Islam ', 'MS CS', 'Assistant Prof. ', ' Department Information Techonolgy and Computer Sciences', 7),
(683, 'Ms. Amna Hamayun ', 'MS (Computer Science)', 'Lecturer ', ' Department Information Techonolgy and Computer Sciences', 7),
(684, 'Mr. Muhammad Azam ', 'M.Sc (Comp Sc.), M.Sc (Mathematics)', 'Lecturer ', ' Department Information Techonolgy and Computer Sciences', 7),
(685, 'Mr. Abdul Ghaffar ', ' M.Sc (Comp Sc.) M.Com', 'Lecturer', ' Department Information Techonolgy and Computer Sciences', 7),
(686, 'Mr. Aman Ullah ', 'M.Sc (Comp Sc.), M.Sc (Math)', 'Lecturer ', ' Department Information Techonolgy and Computer Sciences', 7),
(687, 'Mr. Asif Jalil ', 'M.Sc (Comp Sc.), M.Sc (Statistics)', 'Lecturer ', ' Department Information Techonolgy and Computer Sciences', 7),
(688, 'Mr. Naveed Javaid ', 'M.Sc (Comp Sc.)', 'Lecturer ', ' Department Information Techonolgy and Computer Sciences', 7),
(689, 'Mr. Zeeshan Shabbir ', 'M.Sc (Comp Sc.)', 'Lecturer ', ' Department Information Techonolgy and Computer Sciences', 7),
(690, 'Mr. Imran Javed ', 'M.Sc (Maths)', 'Lecturer ', ' Department Information Techonolgy and Computer Sciences', 7),
(691, 'Mr. Tanveer Ikhlaq ', 'MSc (Statistics)', 'Lecturer ', ' Department Information Techonolgy and Computer Sciences', 7),
(692, 'Mr. Manzoor ul Hassan ', ' MA (English)', 'Lecturer', ' Department Information Techonolgy and Computer Sciences', 7),
(693, 'Mr. Iftikhar Butt ', 'MSc(Comp Sc)', 'Lecturer ', ' Department Information Techonolgy and Computer Sciences', 7),
(694, 'Mr. Sana Ullah ', 'MSc (Physics)', 'Lecturer ', ' Department Information Techonolgy and Computer Sciences', 7),
(695, 'Mr. Muhammad Aslam ', 'MSc (Math)', 'Lecturer ', ' Department Information Techonolgy and Computer Sciences', 7),
(696, 'Mr. Sohail Saleem ', 'MSc (Math)', 'Lecturer ', ' Department Information Techonolgy and Computer Sciences', 7),
(697, 'Mr. Muhammad Zubair', ' MSc (Math)', ' Lecturer', ' Department Information Techonolgy and Computer Sciences', 7),
(698, 'Mr. Ashraf Aziz', 'MSc (Math)', ' Lecturer ', ' Department Information Techonolgy and Computer Sciences', 7),
(699, 'Mr. M. Naveed Ahmad ', 'Master in Computer Science', 'Lecturer ', ' Department Information Techonolgy and Computer Sciences', 7),
(700, 'Mr. Muhammad Bilal Musaddiq ', 'Master in Computer Science', 'Lecturer ', ' Department Information Techonolgy and Computer Sciences', 7),
(701, 'Ms. Hina Rahat ', 'M.Sc (Computer Science)', 'Lecturer ', ' Department Information Techonolgy and Computer Sciences', 7),
(702, 'Mr. Moazzam Ali ', 'Master in Computer Science', 'Lecturer ', ' Department Information Techonolgy and Computer Sciences', 7),
(703, 'Mr. Imran Qureshi ', 'Master in Computer Science', 'Lecturer ', ' Department Information Techonolgy and Computer Sciences', 7),
(704, 'Mr. Usman Shahzaib ', 'Master in Computer Sciences', 'Lecturer ', ' Department Information Techonolgy and Computer Sciences', 7),
(705, 'Mr. Shahzad Jamil ', 'Master in Computer Sciences', 'Lecturer ', ' Department Information Techonolgy and Computer Sciences', 7),
(706, 'Mr. Hafiz Muhammad Shahzad', 'M. Sc (Computer Science)', ' Lecturer ', ' Department Information Techonolgy and Computer Sciences', 7),
(707, 'Mr. Saqib Naveed ', 'M. Sc (Computer Science)', 'Lecturer ', ' Department Information Techonolgy and Computer Sciences', 7),
(708, 'Mr. Muhammad Zeeshan Ali ', 'M.I.T', 'Lecturer ', ' Department Information Techonolgy and Computer Sciences', 7),
(709, 'Mr. Aamir Javed ', 'M. Sc Computer Science', 'Lecturer ', ' Department Information Techonolgy and Computer Sciences', 7),
(710, 'Mr. Shahzad Qayyum ', ' B.Sc. (Computer Science)', 'Lecturer', ' Department Information Techonolgy and Computer Sciences', 7),
(711, 'Mr. Muhammad Faizan ', 'M. Sc (Computer Science)', 'Lecturer ', ' Department Information Techonolgy and Computer Sciences', 7),
(712, 'Ms. Saba Ikram ', 'M.I.T', 'Lecturer ', ' Department Information Techonolgy and Computer Sciences', 7),
(713, 'Mr. Ali Riaz ', 'B.Sc. (Computer Science)', 'Lecturer ', ' Department Information Techonolgy and Computer Sciences', 7),
(714, 'Mr. Ehtisham Rasheed ', 'M. Sc (Computer Science)', 'Lecturer ', ' Department Information Techonolgy and Computer Sciences', 7),
(715, 'Mr. Tariq Awan ', 'M. Sc (Math)', 'Lecturer ', ' Department Information Techonolgy and Computer Sciences', 7),
(716, 'Mr. Zahid Mir ', 'M. Sc (Physics)', 'Lecturer ', ' Department Information Techonolgy and Computer Sciences', 7),
(717, 'Mr. Mansoor Khan', 'MIT', 'Software Engineer', 'The Superior Solution', 7),
(718, 'Miss Adeeba Jabeen', 'BBA', 'SQA Engineer', 'The Superior Solution', 7);

-- --------------------------------------------------------

--
-- Table structure for table `su_subject`
--

CREATE TABLE IF NOT EXISTS `su_subject` (
  `Sub_Id` int(11) NOT NULL AUTO_INCREMENT,
  `Sub_Name` varchar(255) NOT NULL,
  PRIMARY KEY (`Sub_Id`)
) ENGINE=MyISAM  DEFAULT CHARSET=latin1 AUTO_INCREMENT=1081 ;

--
-- Dumping data for table `su_subject`
--

INSERT INTO `su_subject` (`Sub_Id`, `Sub_Name`) VALUES
(1, 'English'),
(3, 'Advanced Research Methods I'),
(4, 'Advanced Research Methods II'),
(5, 'Critical Review of Dissertation'),
(6, 'Elective III Courses'),
(7, 'Comprehensive Examination '),
(8, 'Dissertation'),
(9, 'Advanced Research Methods'),
(10, 'Strategic Management '),
(11, 'Managerial Economics'),
(12, 'Elective I '),
(13, 'Elective II '),
(14, 'Corporate Finance'),
(15, 'Strategic Marketing '),
(16, 'Managerial Accounting '),
(17, 'Dissertation + Viva'),
(18, 'Strategic Human Resource Mgmt'),
(19, 'Project Management'),
(20, 'International Marketing '),
(21, 'Global Business '),
(22, 'Expert Systems'),
(23, 'International Finance'),
(24, 'Approaches to Mass Comm. Studies ?I'),
(25, 'Communication Research Methods-I'),
(26, 'Philosophy of Social Sciences'),
(27, 'Approaches to Mass Comm. Studies-II'),
(28, 'Communication Research Methods-II '),
(29, 'Advanced Development Communication /    Media Management '),
(30, 'M. Phil Seminar'),
(31, 'Dissertation/Thesis'),
(32, 'Theory and Practice of Public Relations & Advertising'),
(33, 'Case Studies: Public Relations and Advertising'),
(34, 'Research Methods'),
(35, 'Production Techniques I: Radio and TV'),
(36, 'Script Writing Workshop (Screen, Drama & Theater)'),
(37, 'Production Techniques II: Film, Drama & Theater '),
(38, 'Media and Cultural Studies'),
(39, 'Documentary Making with Project'),
(40, 'Principles of Planning Construction Management'),
(41, 'Construction and Building Economics'),
(42, 'Contract and Contract Administration'),
(43, 'Construction Safety Management'),
(44, 'Construction Risk Management'),
(45, 'Computer Application in construction Management'),
(46, 'Advance Construction Methods and Equipment'),
(47, 'Thesis Project/Practical Fulfillment'),
(48, 'Principles of Management '),
(49, 'Marketing Management'),
(50, 'Business Mathematics'),
(51, 'Financial Accounting'),
(52, 'Communication Skills & Professional Developement'),
(53, 'Human Resource Management'),
(54, 'Managerial Economics'),
(55, 'Research Methods in Business '),
(56, 'Managerial Accounting'),
(57, 'Customer Behaviour'),
(58, 'Organizational Behaviour & Business Ethics'),
(59, 'Management Computing'),
(60, 'Finance Management'),
(61, 'Quantitative Techniques'),
(62, 'Micro & Macro Economics'),
(63, 'Entrepreneurship'),
(64, 'Marketing Channels '),
(65, 'Corporate Law & Secretarial Practices'),
(66, 'Elective I Production & Operations Management'),
(67, 'Enterprise Resource Planning'),
(68, 'Elective III'),
(69, 'Elective IV '),
(70, 'Elective V'),
(71, 'Sales Force Management'),
(72, 'Retailing Management'),
(73, 'Advertisement '),
(74, 'Strategic Marketing Management'),
(75, 'Supply Chain Management'),
(76, 'Service Marketing '),
(77, 'Brand Management '),
(78, 'Marketing Communications '),
(79, 'Communication Research Methods-I'),
(80, 'Computer Application in Business'),
(81, 'Business Finance'),
(82, 'Organizational Behaviour & Ethics'),
(83, 'Management Information System '),
(84, 'Business Mathematics & Statistics'),
(85, 'Entrepreneurship & SME'),
(86, 'Business Economics'),
(87, 'Cost & Management Accountings'),
(88, 'Elective I'),
(89, 'Elective IV'),
(90, 'Elective V'),
(91, 'Elective II'),
(92, 'Sales Force Management'),
(93, 'Retailing Management'),
(94, 'Strategic Marketing Management'),
(95, 'Supply Chain Management'),
(96, 'Service Marketing '),
(97, 'Brand Management '),
(98, 'Marketing Communications '),
(99, 'International Marketing '),
(100, 'Human Resources Development'),
(101, 'Recruitment & Selection'),
(102, 'TQM'),
(103, 'Industrial Relation & Labor Laws '),
(104, 'Performance & Compensation '),
(105, 'Leadership & Team Management '),
(106, 'Change Management '),
(107, ' Project Management '),
(108, 'Corporate Finance '),
(109, 'Advanced Auditing'),
(110, 'Islamic Finance '),
(111, 'Taxation Management'),
(112, 'Risk management'),
(114, 'Investment analysis & Portfolio Management'),
(115, 'Advance Construction Methods and Equipment 	'),
(116, 'Cost & Management Accounting'),
(117, 'Elective IIII'),
(118, 'Sales Force Management'),
(119, 'Strategic Marketing Management'),
(120, 'Strategic Management '),
(121, 'Recruitment & Selection'),
(122, 'Industrial Relation & Labor Laws '),
(123, 'Leadership & Team Management '),
(124, 'Advanced Auditing'),
(125, 'Islamic Finance '),
(126, 'Taxation Management'),
(127, 'Risk management'),
(128, 'Investment analysis & Portfolio Management '),
(130, 'Research Methods in Business '),
(131, 'Corporate Law & Secretarial Practices'),
(132, 'Advertisement '),
(133, 'Change Management '),
(134, 'Risk management'),
(135, 'Advance Research Methods '),
(136, 'Strategic Management'),
(138, 'Strategic Marketing'),
(139, 'Elective-I'),
(140, 'Intership / Research Project'),
(141, 'Strategic Human Resource Management'),
(142, 'Global Business'),
(143, 'Expert System'),
(144, 'Supply Chain Management '),
(145, 'Information Technology in Business '),
(146, 'Introduction to Business Methods '),
(147, 'Introduction to Psychology '),
(148, 'English for Life'),
(149, 'Pakistan Studies & Islamiyat '),
(150, 'Principles of Management '),
(151, 'Intro to Money Market and Banking  Operations'),
(152, 'Financial Accounting'),
(153, 'Business English '),
(154, 'Introduction to Sociology '),
(155, 'Organizational Behavior '),
(156, 'Marketing Management'),
(157, 'BCRW'),
(158, 'Business Mathematics and Statistics'),
(159, 'Quantitative Techniques in Business'),
(160, 'Consumer Behavior '),
(161, 'Economics of Pakistan '),
(162, 'CSPD'),
(163, 'Human Resource Management'),
(164, 'MIS'),
(165, 'Financial Management '),
(166, 'Production & Operations Management '),
(167, 'Business Ethics'),
(168, 'Enterprise Resource Planning '),
(169, 'Dissertation/Research Project'),
(170, 'News Techniques'),
(171, 'National and International Affairs'),
(172, 'Computer Applications in Mass Comm.'),
(173, 'Theories & Research Methods '),
(174, 'News & Report Writing'),
(175, 'Media History. Press Laws and Ethics'),
(176, 'Theories and Research Methods'),
(177, 'Organizational Behavior & Ethics'),
(178, 'Communication Models'),
(179, 'Pre- Productions '),
(180, 'Production'),
(181, 'Feature Column Editorial'),
(182, 'Principles of PR.'),
(183, 'Introduction to HRM '),
(184, 'Principles of Advertising'),
(185, 'Issues in Mass Communication '),
(186, 'Newspaper and T.V Channel Mgmt'),
(187, 'Post Production '),
(188, 'Economic Reporting'),
(189, 'Post Production '),
(191, 'Project & Event Management'),
(192, 'Thesis + VIVA'),
(193, 'Organizational Behavior & Ethics'),
(194, 'Pre- Productions '),
(195, 'News & Report Writing'),
(196, 'Communication Models'),
(197, 'Economic Reporting'),
(198, 'Project & Event Management'),
(199, 'Theory of Flight'),
(200, 'Aero Engines & Aircraft System '),
(201, 'Aviation Psychology'),
(202, 'English for life'),
(203, 'Computer Application'),
(204, 'Islamic Studies'),
(205, 'Aviation Weather'),
(206, 'Flight Navigation & ATS Geography'),
(207, 'Aviation Law'),
(208, 'Business English'),
(209, 'Pak Studies'),
(210, 'Flight Planning'),
(211, 'Instrument Flight Procedures'),
(212, 'Business Communication & Report Writing'),
(213, 'Principles of Marketing'),
(214, 'Principles of Accounting'),
(215, 'Aircraft Instruments & Radio Navigation Aid'),
(216, 'Aircraft Operations & Performance'),
(217, 'Flight Physiology'),
(218, 'Aviation Simulation'),
(219, 'Airport Planning & Management'),
(220, 'Essentials of Aviation Management '),
(221, 'Aviation Safety Management'),
(222, 'Business Research Methods'),
(223, 'Statistics'),
(224, 'Airspace & Traffic Management'),
(225, ' Airport Planning & Management II'),
(226, 'Business & Corporate Aviation Management'),
(227, 'Mathematics for aircraft Navigation'),
(228, 'Business Ethics'),
(229, 'Corporate Aviation Security'),
(230, 'Aircraft Accident Investigation I '),
(231, 'Fiscal Aspects of Aviation'),
(232, 'Airport Management '),
(233, 'Managing Airport Security'),
(234, 'Aircraft Accident Investigation II'),
(235, 'Airline Management'),
(236, 'Aviation Marketing'),
(237, 'Low Cost Carriers'),
(238, 'Leadership Skills'),
(239, 'Financial Accountings'),
(240, 'Communication Skills and Professional Development'),
(241, 'Computer Applications in Business'),
(242, ' Organizational Behaviors and Ethics'),
(243, ' Management Information Systems'),
(244, 'Micro Economics'),
(245, ' Business Mathematics & Statistics'),
(246, ' Applied Statistics'),
(247, ' Total Quality Management'),
(248, 'Statistical Quality Control'),
(249, 'Metrology & Testing'),
(250, ' Quality Management Systems'),
(251, 'Project Management'),
(252, 'Six Sigma'),
(253, ' Research Methodology'),
(254, 'Computer Applications'),
(255, 'Psychology'),
(256, 'Introduction to Mass Communication'),
(257, 'English II'),
(258, 'Introduction to Media Management Studies'),
(259, 'Concept Development & Script Writing'),
(260, 'Business Maths'),
(261, 'English III'),
(262, 'Business Statistics'),
(263, 'Pre Production'),
(264, 'Consumer Behavior'),
(265, 'News Writing & Reporting'),
(266, 'Sociology'),
(267, 'English IV'),
(268, 'Organization Behavior'),
(269, 'Production'),
(270, 'Contemporary Mass Media'),
(271, 'Theories of Communication'),
(272, 'Journalistic Writing (English & Urdu)'),
(273, 'Mass Media Management'),
(274, 'Sub Editing & Page Designing'),
(275, 'Featured Column & Editorial Writing'),
(276, 'Advertising'),
(277, 'P.R'),
(278, 'Photographic Journalism'),
(279, 'Documentary Making'),
(280, 'Specialized Journalism '),
(281, 'Broadcast Journalism'),
(282, 'Media Ethics & Laws'),
(283, 'Newspaper & TV Channel Management'),
(284, 'Advanced Reporting'),
(285, 'Newspaper Production'),
(286, 'Advanced Sub Editing'),
(287, 'Magazine and Book Production'),
(288, 'Radio News Reporting & Priduction'),
(289, 'Radio Program Production'),
(290, 'T.V Program Production'),
(291, 'Advertising I'),
(292, 'Public Relation I'),
(293, 'Advertising II'),
(294, 'Public Relation II'),
(295, 'Training and developement'),
(296, 'Compensation Management'),
(297, 'Performance Management'),
(298, 'English ? I'),
(299, 'Industrial Physics'),
(300, 'Calculus'),
(301, 'Industrial/Business Communication'),
(302, 'Pakistan Studies'),
(303, 'Introduction to Computers'),
(304, 'Industrial Chemistry'),
(305, 'English ? II'),
(306, 'Linear Algebra'),
(307, 'Pakistan Economy'),
(308, 'Applied Psychology'),
(309, 'Science of Materials'),
(310, 'Fundamentals of Accounting & Banking'),
(311, 'English ? III'),
(312, 'Probability & Statistics'),
(313, 'Basic Industrial Engineering'),
(314, 'Islamic Studies & Ethics'),
(315, 'Business / Industrial Laws'),
(316, 'CAD/CAM'),
(317, 'Workshop Practices'),
(318, 'English ? IV'),
(320, 'Project Management in Industries'),
(321, 'Industrial Standardization & Quality Assurance'),
(322, 'Human Factors Engineering'),
(323, 'Automation & Control'),
(324, 'Production Planning & Control'),
(325, 'Manufacturing Processes'),
(326, 'Real Life Industrial Case Studies'),
(327, 'EHS Management'),
(328, 'Statistical Process Control'),
(329, 'Work & Methods Study'),
(330, 'Industrial Project'),
(331, 'Total Quality Management'),
(332, 'Total'),
(333, '  Statistical Quality Control '),
(334, ' Quality Management Sysytems'),
(335, 'Dissertation / Research Project'),
(336, ' Recruitment & Training Management'),
(337, ' Performance and Compensation Management'),
(338, 'Leadership and Organizational Behavior'),
(339, ' Industrial Relation '),
(340, 'Research Methodology'),
(341, ' Dissertation / Research Project'),
(342, 'Theory of Computation'),
(343, 'Advance Algorithm Analysis'),
(344, 'Advance Operating Systems'),
(345, 'Advance Computer Architecture'),
(346, ' CS Elective I'),
(347, ' CS Elective II'),
(348, 'CS Elective III'),
(349, 'CS Thesis'),
(350, ' CS Elective IV'),
(351, 'Dissertation/Research Project'),
(352, ' Design of Intelligent Systems'),
(353, 'Machine Learning'),
(354, ' Neural Networks'),
(355, ' Mathematical Reasoning '),
(356, ' Decision Support Systems'),
(357, 'Computer Vision'),
(358, ' Advance Software Engineering'),
(359, 'Object Oriented Software Engineering'),
(360, 'Software Quality Assurance'),
(361, 'Requirements Engineering'),
(362, ' Distributed Computing'),
(363, 'Advance Networking'),
(364, ' Network Securities'),
(365, ' Network Transport Protocols'),
(366, 'Network Administration'),
(367, 'Wireless Networks'),
(368, ' Network Performance Evaluation'),
(369, 'Design of Intelligent Systems'),
(370, ' Machine Learning'),
(371, 'Neural Networks'),
(372, 'Mathematical Reasoning '),
(373, ' Introduction to Computing'),
(374, 'Introduction to Programming'),
(375, ' Data Communication and Networks'),
(376, 'Technical Business Writing'),
(377, 'Object Oriented Programming'),
(378, ' Software Engineering'),
(379, 'Database Management Systems'),
(380, ' Operating System Concepts'),
(381, 'Advance Networks(Internet Architecture)'),
(382, 'Web Design and Development'),
(383, ' Data Structures '),
(384, ' Internet Programming'),
(385, ' Database Administration'),
(386, ' Software Project Management'),
(387, 'Network Securities'),
(388, ' Management Information System'),
(389, ' Data Warehousing'),
(390, 'Software Quality Management'),
(391, ' E-Banking'),
(392, ' Advance Networks(Internet Architecture)'),
(393, 'Introduction to Computing'),
(394, 'Programming Fundamentals'),
(395, ' Calculus and Analytical Geometry'),
(396, 'Applied Physics'),
(397, ' Islamiyat/Pakistan Studies '),
(398, ' Functional English '),
(399, ' Object Oriented Programming'),
(400, 'Digital Logic and Design'),
(401, ' Electronics'),
(402, 'Multivariable Calculus '),
(403, ' CSPD'),
(404, 'Discrete Structures '),
(405, ' Database Management Systems'),
(406, 'Computer System Architecture '),
(407, ' Probability and Statistics'),
(408, 'Differential Equations '),
(409, ' ADBMS'),
(410, 'Computer Organization & Assembly Language '),
(411, 'Principals of Marketing'),
(412, 'Software Engineering I'),
(413, ' Analysis of Algorithms'),
(414, ' Software Engineering II'),
(415, 'Operating System Concepts'),
(416, 'Humanity and SS Elective I'),
(417, 'Computer Networks'),
(418, 'Math Elective I'),
(419, 'CS Elective II'),
(420, 'Internship 3 Months'),
(421, ' Theory of Automata'),
(422, 'Principals of Psychology'),
(423, 'Computer Graphics'),
(424, ' System Programming'),
(425, 'Humanity and SS Elective III'),
(426, ' Compiler Construction'),
(427, ' Artificial Intelligence'),
(428, 'Professional Practices '),
(429, ' Final Project + Viva'),
(430, 'Calculus and Analytical Geometry'),
(431, ' Applied Physics'),
(432, ' Digital Logic and Design'),
(433, ' Digital Electronics'),
(434, ' Multivariable Calculus '),
(435, 'Circuit Analysis'),
(436, ' Computer Architecture '),
(437, ' Electronic Devices'),
(438, 'Signal and System'),
(439, 'Electromagnetic Theory'),
(440, 'Complex Variable and Transform'),
(441, 'Humanity & SS Elective I'),
(442, ' Analogue Communication'),
(443, ' Control Systems'),
(444, ' Math Elective I'),
(445, ' Telecom Transmission and Switching'),
(446, 'Digital Signal Processing '),
(447, 'Mobile Wireless Communication'),
(448, 'Wave Propagation & Antenna Theory'),
(449, ' Humanity & SS Elective II'),
(450, ' Digital Communication'),
(451, ' Telecommunication Systems '),
(452, 'Telecom Elective I'),
(453, 'Advanced Routed Networks'),
(454, 'Telecom Elective II'),
(455, 'Telecom Elective III'),
(456, ' Telecom Elective II'),
(457, ' Circuit Analysis'),
(458, 'Computer Architecture '),
(459, ' Technical Business Writing '),
(460, ' Discrete Structures '),
(461, ' Differential Equations '),
(462, 'Electronic Devices'),
(463, 'Islamiyat/Pakistan Studies '),
(464, ' Signal and System'),
(465, ' Humanity & SS Elective I'),
(466, 'Data Communication and Networks'),
(467, 'Telecom Transmission and Switching'),
(468, 'Linear Circuit Analysis'),
(469, 'Applied Clculus'),
(470, 'Computing Fundamentals'),
(471, ' Islamic Studies/Ethics'),
(472, 'Functional English'),
(473, 'Engineering Drawing & CAD'),
(474, 'Workshop Practice'),
(475, 'Basic Mechanical Engineering'),
(476, '  Object Oriented Programming'),
(477, 'Engineering Ethics'),
(478, 'Electrical Network Analysis '),
(479, ' 	  Instrumentation and Measurements'),
(480, ' 	  Electronic Device & Circuits'),
(481, ' Complex Analysis & Transform'),
(482, ' Linear Algebra '),
(483, ' Signals and systems'),
(484, 'Electromechanical Systems'),
(485, 'Analog Electronics'),
(486, 'Digital Logic Design'),
(487, ' 	  Intro to Power Engineering'),
(488, ' Electromagnetic Field Lec'),
(489, ' 	  Microprocessor Based Systems'),
(490, '  Probability & Statistics for Engineers'),
(491, ' Engineering Economics '),
(492, 'Applied Thermodynamics'),
(493, ' Communication Skills & Personality Development'),
(494, 'Linear Control Systems'),
(495, ' Communication System'),
(496, 'Numerical Analysis '),
(497, 'Engineering Management '),
(498, 'Elective 1*'),
(499, 'Senior Design Project 1'),
(500, ' 	  Signal Processing '),
(501, 'Senior Design Project ? II'),
(502, ' Social Science (Elective) '),
(503, '  Elective IV'),
(504, ' Elective V'),
(505, ' 	 Workshop Practice'),
(506, 'Basic Calculus'),
(507, ' Computing Fundamentals'),
(508, ' Islamic Studies/Ethics(Non Muslims)'),
(509, 'Islamic Studies/Ethics(Non Muslims) 	'),
(510, ' Electronic Device & Circuits '),
(511, ' Basic Mechanical Engineering '),
(512, 'Multivariable Calculus & ODEs'),
(513, ' 	  Object Oriented Programming'),
(514, ' Professional Ethics & Islamic Values'),
(515, ' Electrical Network Analysis'),
(516, 'Analog Electronic'),
(517, ' PDEs Complex Analysis '),
(518, ' 	  Pakistan Studies'),
(519, 'Instrumentation and Measurements'),
(520, 'Digital Logic Designs'),
(521, ' Vector Calculus'),
(522, 'Power Engineering Fundamentals'),
(523, '  Electromagnetic Field Theory'),
(524, '  Microprocessor Based System'),
(525, '  Probability & Statistic for Engineers'),
(526, '  Applied Thermodynamics'),
(527, ' Elective-I* '),
(528, 'Linear Control System'),
(529, ' Numerical Analysis '),
(530, 'Engineering Project Management'),
(531, ' Elective-II'),
(532, ' Signal Processing'),
(533, ' Technical Writing '),
(534, 'Senior Design Project II'),
(535, 'Social Science (Elective)'),
(536, 'Elective VI '),
(537, 'English-I'),
(538, 'Applied Calculus'),
(539, 'Applied Chemistry'),
(540, 'Engineering Drawing'),
(541, 'English-II'),
(542, 'Computer Fundamentals'),
(543, 'Islamic Studies/Pak Studies'),
(544, 'Communication Skills'),
(545, 'Electronic Devices and Circuits '),
(546, 'Electro-mechanical Systems'),
(547, 'Engineering Economics'),
(548, 'Complex Variables and Transforms '),
(549, 'Electromagnetic Field Theory '),
(550, 'Signals and Systems'),
(551, 'Probability and Statistics for Engineers'),
(552, 'Social Sciences-II'),
(553, 'Introduction to Power Engineering '),
(554, 'Computer Aided Design and Simulation '),
(555, 'Elective-1'),
(556, 'Microprocessor Based Systems'),
(557, 'Elective-2'),
(558, 'Elective-3'),
(559, 'Senior Design Project ? I '),
(560, 'Elective-4'),
(561, 'Elective-5'),
(562, 'Elementary Physics'),
(563, 'Mathematics-I'),
(564, 'Introduction to Aviation'),
(565, 'Engineering Fundamentals'),
(566, 'Islamiyat'),
(567, 'General Chemistry'),
(568, 'Mathematics-II'),
(569, 'Basic Electrics'),
(570, 'Aerodynamics and Performance'),
(571, 'English Composition and Literature'),
(572, 'Basic Aircraft Engines'),
(573, 'Aviation Legislation'),
(574, 'Fluency With Information Technology'),
(575, 'Thermodynamics'),
(576, 'Interpersonal Skills'),
(577, 'Human Factors'),
(578, 'Computer Programming'),
(579, 'Airframe Systems'),
(580, 'Elementary Statistics'),
(581, 'Digital Electronics'),
(582, 'Technical report Writing'),
(583, 'Metallic Structures'),
(584, 'Advanced Airframe Systems'),
(585, 'Turbine Engine Maintenance & Inspection'),
(586, 'Fixed Wing Aircraft ? Piston'),
(587, 'Engineering Economy'),
(588, 'Flight Control Sys'),
(589, 'Control Systems-I'),
(590, 'Digital Techniques'),
(591, 'Avionic Systems Design'),
(592, 'Engine Instrumentation'),
(593, 'Signal Systems'),
(594, 'Electro Mechanical Systems'),
(595, 'Maintenance Practices'),
(596, 'Helicopters'),
(597, 'Propellers'),
(598, 'Fixed Wing Aircraft ? Turbine'),
(599, 'Workshop Technology'),
(600, 'Product Design and Development'),
(601, 'Control Systems-II'),
(602, 'Analog & Digital Communications'),
(603, 'Electronics -Analog & Digital IC'),
(604, 'Digital Systems Microprocessors & Microcontrollers'),
(605, 'Aviation Shop Pract'),
(606, 'Composite Materials and Procedures'),
(607, 'Finite Element Modeling'),
(608, 'Compressed Fluid Dynamics'),
(609, 'Aircraft Fluid Power & Landing Gear Sys'),
(610, 'Senior Project I & Internship'),
(611, 'Transmission Lines & Waveguides'),
(612, 'Guidance, Navigation & Control'),
(613, 'Microwave Devices'),
(614, 'Op-Amp Circuit Design'),
(615, 'Non-Destructive Testing'),
(616, 'Airline Maintenance Management'),
(617, 'Senior Project II& Internship'),
(618, 'Antenna Engineering'),
(619, 'Radars'),
(620, 'Emerging Technologies in Avionics'),
(621, 'Senior Project I& Internship'),
(622, ' Basic Design?I'),
(623, 'Visual Communication?I'),
(624, 'History of Architecture-I'),
(625, ' Materials & Construction-I'),
(626, 'English-I(Functional English)'),
(627, ' Islamic and Pakistan Studies?I'),
(628, 'Basic Design?II'),
(629, ' Visual Communication?II'),
(630, 'Visual Communication?II'),
(631, 'History of Architecture'),
(632, 'Climatology'),
(633, ' Climatology'),
(634, ' English-II(Communication Skills)'),
(635, 'Architectural Design?I'),
(636, 'Visual Communication?III'),
(637, ' History of Architecture?III'),
(638, ' Materials & Construction-II'),
(639, 'Structure for Architects-I'),
(640, ' Islamic and Pakistan Studies?II'),
(641, 'Architectural Design?II'),
(642, 'Visual Communication?IV'),
(643, ' History of Architecture-IV Materials'),
(644, 'Construction?III'),
(645, 'Structure for Architects?II'),
(646, 'Optional Subjects'),
(647, 'Architectural Design?III & Materials'),
(648, ' Construction?III'),
(649, 'Computer Applications-I'),
(650, ' Structure for Architects?III'),
(651, ' Optional Subjects'),
(652, ' Elective Subjects'),
(653, 'Architectural Design?IV'),
(654, 'Computer Applications-II'),
(655, 'Services and Engineering Systems'),
(656, ' Architectural Design?V'),
(657, 'Urban Design & Planning-I'),
(658, 'Theory of Architecture'),
(659, ' Landscape Architecture'),
(660, 'English-III (Technical Report Writing & Presentation)'),
(661, ' Urban Design & Planning-II'),
(662, 'Elective subjects'),
(663, ' Thesis Design?I'),
(664, ' Professional Practice'),
(665, 'Thesis Design?II'),
(666, 'Advanced Micro Economics'),
(667, 'Advanced Econometrics'),
(668, 'Topics in Monetary Economics'),
(669, 'Quantitative Techniques Analysis'),
(670, 'Advanced Macro Economics'),
(671, 'Advance Research Methodologies'),
(672, 'Advanced Econometric Techniques and Forecasting'),
(673, 'Topics in International Economics'),
(674, 'Macro Economics'),
(675, 'Computer Application in Business Econimics'),
(676, ' Fundamentals of Marketing'),
(677, ' Financial Management'),
(678, 'Quantitative Techniques in Business & Eco.'),
(679, 'Business Communications & Report Writing'),
(680, ' Monetary Economics '),
(681, 'Management Information Systems'),
(682, ' Managerial Accountings'),
(683, ' International Economics'),
(684, ' Cost & Management'),
(685, 'Banking Operations Management'),
(686, 'Budgeting & Budgetary Control'),
(687, 'Issues in Contemporary Business'),
(688, 'Advanced Research Methodologies'),
(689, 'Inferential Statistics'),
(690, 'Corporate Governance'),
(691, 'Philosophy of Social Sciences'),
(692, 'Econometrics'),
(693, 'Portfolio Management'),
(694, 'Principles of Management & Organizational  Behavior'),
(695, '  Business Research Methods '),
(696, ' Management Accounting'),
(697, ' Human Resourse Management'),
(698, 'Auditing & Assurance'),
(699, 'Financial Reporting'),
(700, 'Accounting Softwares & Modeling'),
(701, 'Corporate & Business Law'),
(702, 'Operation and Production Management'),
(703, ' Performance Management'),
(704, 'Taxation'),
(705, ' Investment & Portfolio Management'),
(706, 'Banking Operations & Islamic Banking '),
(707, 'Micro Economics Theory '),
(708, 'Macro Economics Theory '),
(709, 'Basic Statistics & Research Methodology '),
(710, 'Computer Applications in Economics '),
(711, 'Micro Economic Analysis '),
(712, ' Macro Economic Analysis '),
(713, 'Islamic Economics'),
(714, 'Quantitative Technique Analysis '),
(715, 'Monetary Theory and Fiscal Policy '),
(716, 'Advanced Mathematical Economics '),
(717, ' Economic Planning & Development'),
(718, ' Advanced Economics '),
(719, 'International Economics '),
(720, 'Economic Planning '),
(721, ' Human Resource Development'),
(722, ' Optimization Techniques '),
(723, 'Financial Accounting I'),
(724, 'Introduction to Business '),
(725, 'Financial Accounting II'),
(726, ' Pak-Studies'),
(727, ' Financial Reporting'),
(728, 'Economy of Pakistan'),
(729, ' Taxation'),
(730, ' Money, Banking & Finance'),
(731, ' Advanced Financial Reporting'),
(732, ' Audit & Assurance'),
(733, 'Custom and Sales Tax'),
(734, ' Business Communications & Report Writing'),
(735, 'Logical & Critical Thinking'),
(736, ' Accounting Information System'),
(737, ' Entrepreneurship'),
(738, ' Internship 3 Months'),
(739, ' Operations and Production Mgt'),
(740, 'Investment and Portfolio Mgt'),
(741, ' E-Commerce'),
(742, ' Field of Specialization Paper I'),
(743, ' International Business'),
(744, 'Field of Specialization Paper II'),
(745, 'Advanced Accounting Theory and Practice'),
(746, ' Public Sector Accounting'),
(747, ' Cost Accounting Applications'),
(748, ' Financial Reporting And Disclosures'),
(749, ' Banking Laws & Practice'),
(750, 'International Banking'),
(751, ' Treasury & Fund Management'),
(752, 'Regulations for Financial Institutions'),
(753, ' Money and Capital Markets'),
(754, 'Specialized Financial Institutions'),
(755, 'Anatomy-I '),
(756, 'Physiology-I '),
(757, 'Biochemistry-I '),
(758, 'Computer Application in Physiotherapy '),
(759, 'Anatomy- II '),
(760, 'Physiology- II '),
(761, 'Pathology -I'),
(762, 'Behavioral Sciences'),
(763, 'Anatomy- III '),
(764, 'Physiology- III '),
(765, 'Kinesiology-I'),
(766, 'Medical Physics-I'),
(767, 'Anatomy- IV'),
(768, 'Physiology- IV '),
(769, 'Basic Human Biomechanics'),
(770, 'Medical Physics- II '),
(772, 'Clinical Practice'),
(773, 'Clinical Pharmacology I'),
(774, 'Electrotherapy & Actinotherapy I'),
(775, 'Therapeutic Exercises & Techniques I'),
(776, 'Special Education & Sociology'),
(777, '  Clinical Pharmacology II'),
(778, 'Electrotherapy & Actinotherapy II'),
(779, 'Therapeutic Exercises & TechniquesII'),
(780, 'Health Services & Management'),
(781, 'Medicine I'),
(782, 'Surgery I'),
(783, 'Physical Therapy Treatment-I'),
(784, 'Research Method'),
(785, 'Medicine II'),
(786, 'Surgery II'),
(787, 'Physical Therapy Treatment- II'),
(788, 'Health Education, Teaching & Learning Strategies'),
(789, 'Image Technology in Physiotherapy I'),
(790, 'Image Technology in Physiotherapy II'),
(791, 'Physical Therapy Treatment- III'),
(792, ' Micro Economics'),
(793, ' Introduction to Computer Application'),
(794, ' English'),
(795, 'Cost Accounting'),
(796, 'Managing People'),
(797, ' English-II'),
(798, ' Business Taxation'),
(799, ' Information System'),
(800, 'Pak Studies & Islamic Studies'),
(801, 'Auditing and Internal Control'),
(802, 'Business Law'),
(803, 'Introduction to Philosophy'),
(804, ' Money and Banking'),
(805, 'Advanced Corporate Reporting'),
(806, ' Introduction to Psychology'),
(807, 'Economics Development of Pakistan'),
(808, ' Organizational Behavior and Leadership Skills'),
(809, 'Presentation Skills Training Course'),
(810, 'Advance Audit and Assurance Services'),
(811, ' Business Information Management'),
(812, ' Business Communication II'),
(813, ' Accounting Software'),
(814, ' Public Finance'),
(815, 'Advance Performance Management'),
(816, 'Business Analysis'),
(817, 'Financial Analysis'),
(818, 'Business Strategy'),
(819, 'Final Project/ Internship'),
(820, 'Thesis Design?I'),
(821, ' Thesis Design?II'),
(822, '  Accountant in Business'),
(823, 'Management Account'),
(824, '  Financial Accounting  '),
(825, 'Corporate and Business Law'),
(826, '  Performance Management'),
(827, 'Audit and Assurance '),
(828, 'Professional Accountant'),
(829, 'Corporate Reporting '),
(830, 'Advanced Financial Management'),
(831, ' Advanced Performance Management'),
(832, ' Advanced Taxation'),
(833, '  Advanced Audit and Assurance'),
(834, 'Pharmaceutical Chemistry-I (Organic-I) [Th.]'),
(835, 'Pharmaceutical Biochemistry-I[Th.]'),
(836, 'Pharmaceutics-I (Physical Pharmacy-1) [Th.]'),
(837, 'Physiology & Histology-I[Th.]'),
(838, 'Anotomy'),
(839, 'Pharmaceutical Mathematics'),
(840, 'Pharmaceutical Chemistry-I(Organic-I)'),
(841, 'Pharmaceutical Biochemistry-I[Lab.]'),
(842, 'Pharmaceutics-I (Physical Pharmacy-1)'),
(843, 'Physiology & Histology-I [Lab.]'),
(844, 'Pharmaceutical Chemistry-II (Organic-II)'),
(845, 'Pharmaceutical Biochemistry-II'),
(846, 'Pharmaceutics-II (Physical Pharmacy-I1)'),
(847, 'Physiology & Histology -II'),
(848, 'Biostatistics'),
(849, ' 	Pharmaceutics-II (Physical Pharmacy-I1)'),
(850, 'Pharmaceutics-III (Pharmaceutical Preparations-I)'),
(851, 'Pharmacology & Therapeutics-I (General-I)'),
(852, 'Pharmaceutical Microbiology-I'),
(853, 'Pharmacognosy-I [Lab.]'),
(854, 'Pharmaceutics-IV (Pharmaceutical Preparations-II)'),
(855, 'Pharmacology & Therapeutics-II (General-II) 	'),
(856, 'Pharmacognosy-II'),
(857, 'Pharmaceutical Microbiology-II'),
(858, 'Pharmacology & Therapeutics-II (General-II)'),
(859, ' 	Pharmaceutical Microbiology-II'),
(860, 'Pathology'),
(861, 'Pharmacology & Therapeutics-III'),
(862, '(Systemic Pharmacology-I)'),
(863, 'Pharmacognosy-III'),
(864, 'Pharmaceutical Chemistry-III (Instrumentation-I)'),
(865, 'Pharmaceutics-V (Dispensing Pharmacy)'),
(866, 'Pharmaceutical Chemistry-III(Instrumentation-I)'),
(867, 'Pharmaceutics-V (Dispensing Pharmacy'),
(868, 'Computer and its Applications in Pharmacy'),
(869, 'Pharmacology & Therapeutics-IV'),
(870, '(Systemic Pharmacology-II)'),
(871, 'Pharmacognosy-IV'),
(872, 'Pharmaceutical Chemistry-IV (Instrumentation-II)'),
(873, 'Pharmaceutics-VI (Community Pharmacy)'),
(874, ' 	Computer and its Applications in Pharmacy'),
(875, ' 	Pharmacognosy-IV'),
(876, 'Pharmaceutics-VII (Hospital Pharmacy-I)'),
(877, 'Pharmaceutics-VIII (Clinical Pharmacy-I)'),
(878, 'Pharmaceutics-IX (Industrial Pharmacy-I)'),
(879, 'Pharmaceutics-X (Biopharmaceutics-I)'),
(880, 'Pharmaceutics-XI (Pharmaceutical Quality Management- I)'),
(881, 'Pharmaceutics-VII (Hospital Pharmacy-II)'),
(882, 'Pharmaceutics-VIII (Clinical Pharmacy-II)'),
(883, 'Pharmaceutics-IX (Industrial Pharmacy-II)'),
(884, 'Pharmaceutics-X (Biopharmaceutics-II)'),
(885, 'Pharmaceutics-XI (Pharmaceutical)'),
(886, 'Quality Management-II)'),
(887, 'Pharmaceutical Chemistry-V (Medicinal-I)'),
(888, 'Pharmaceutics-XVII (Clinical Pharmacy-III)'),
(889, 'Pharmaceutics-XVIII (Pharmaceutical Technology-I)'),
(890, 'Pharmaceutics-XIX (Forensic Pharmacy-I)'),
(891, 'Pharmaceutics-XX(Pharmaceutical Management & Marketing-I)'),
(892, 'Pharmaceutical Chemistry-V (Medicinal-II)'),
(893, 'Pharmaceutics-XVII (Clinical Pharmacy-IV)'),
(894, 'Pharmaceutics-XVIII (Pharmaceutical Technology-II)'),
(895, 'Pharmaceutics-XIX (Forensic Pharmacy-II)'),
(896, ' 	Pharmaceutics-XVIII (Pharmaceutical Technology-II)'),
(897, ' 	Pharmaceutical Chemistry-V (Medicinal-II)'),
(898, ' 	Pharmaceutics-XVIII (Pharmaceutical Technology-I)'),
(899, 'Pharmaceutics-XI (Pharmaceutical Quality Management-II)'),
(900, 'Constitutional Law I'),
(901, 'Criminal Law I'),
(902, 'Company Law I'),
(903, 'Constitutional Law II'),
(904, 'Criminal Law II'),
(905, 'Thesis'),
(906, 'Law of Contract'),
(907, 'Law of Torts'),
(908, 'Constitutional Law'),
(909, 'Company Law'),
(910, 'Law of Evidence'),
(911, ' Islamic Jurisprudence'),
(912, ' English Jurisprudence'),
(913, '  Constitutioal Law'),
(914, 'Law of Torts & Easement '),
(915, 'Criminal Law'),
(916, 'Constitutioal Law-II'),
(917, ' Equity'),
(918, ' Company Law'),
(919, ' Law of Transfer of Property'),
(920, 'Muslim Personal Law '),
(921, 'Public International Law '),
(922, 'Special & Local Laws'),
(923, ' Criminal Procedure Code & Medical Jurisprudence '),
(924, ' Civil Procedure Code & Limitation Act '),
(925, 'Law of Evidence & Legal Ethics '),
(926, ' Legal Drafting & Interpretation of Statutes '),
(927, ' Administrative Law '),
(928, 'Minor Acts '),
(929, ' Labour & Taxation Laws '),
(930, ' Criminology '),
(931, 'Banking Laws'),
(932, 'Intellectual Property Laws'),
(933, 'Environmental Laws '),
(934, ' Introduction to Law'),
(935, '  English I'),
(936, '  Islamic Studies '),
(937, 'Political Science II'),
(938, ' Political Science III'),
(939, 'Pakistan Legal Sytem '),
(940, 'Mathematical Economics'),
(941, 'Political Science IV'),
(942, ' English IV'),
(943, 'Business Taxation & Taxation Laws '),
(944, 'Economic Development of Pakistan'),
(945, ' Computer Applications '),
(946, 'Pharmacognosy-I'),
(948, 'Architectural Design?VI'),
(949, 'Seminar'),
(950, 'Final Project (Film, TV, Radio, PR or Advertising)'),
(951, '  Internship and Report'),
(952, ' Bidding & Contract Management'),
(953, '  Finance and Cost Accounting '),
(954, ' Operations Management'),
(955, 'Electromagnetic Compatibility'),
(956, 'Applied Stochastic Models'),
(957, 'Research Work'),
(958, 'Digital Information Processing'),
(959, 'Advanced Numerical Techniques'),
(960, 'Business Communication I'),
(961, 'Telecom Management'),
(962, 'Information Technology Infra-Structure'),
(963, 'Information Security and  Assurance'),
(964, 'Thesis I'),
(965, 'Thesis II'),
(966, 'Introduction to ICT'),
(967, 'Basic Electronics'),
(968, 'Advance Research Methods II'),
(969, 'Leadership & Community  Development'),
(970, 'Production & Operations Management'),
(971, 'Digital Image Processing'),
(972, 'Fundamentals of IT'),
(973, 'University Elective I'),
(974, 'nglish-II (Communication Skills)'),
(975, 'Data Structures and Algorithms'),
(976, 'University Elective II'),
(977, 'University Elective III'),
(978, 'Operating Systems'),
(979, 'Introduction to Data Base Systems'),
(980, 'Computer Communication and Networks'),
(981, 'Web Systems and Technologies'),
(982, 'University Elective IV'),
(983, 'Introduction to Software Development'),
(984, 'Information Systems'),
(985, 'Multimedia Systems and Design'),
(986, 'IT Elective I'),
(987, 'IT Elective II'),
(988, 'IT Elective III'),
(989, 'University Elective V'),
(990, 'Systems and Network Administration'),
(991, 'University Elective VI'),
(992, 'Human Computer Interaction'),
(993, 'IT Capstone Part I (continued)'),
(994, 'Technology Management'),
(995, 'IT Elective IV'),
(996, 'Network Security'),
(997, 'System Integration and Architecture'),
(998, 'IT Elective V'),
(999, 'IT Capstone Part II'),
(1000, 'IT Elective VI'),
(1001, 'IT Elective VII'),
(1002, 'Physics'),
(1003, 'Basic Electronics [Supporting Elective I ]'),
(1004, 'GE/University Elective I'),
(1005, 'Database Systems'),
(1006, 'Software Construction'),
(1007, 'Operation Research Methodology Supporting Elective II'),
(1008, 'GE/University Elective II'),
(1009, 'GE/University Elective III'),
(1010, 'Supporting Elective II'),
(1011, 'Supporting Elective III'),
(1012, 'SE Application Domain Elective?I'),
(1013, 'Software Quality Engineering'),
(1014, 'Software Design & Architecture'),
(1015, 'Formal Methods in Software Engineering'),
(1016, 'GE/University Elective IV'),
(1017, 'Software Requirement Engineering'),
(1018, 'Senior Capstone Project I'),
(1019, 'Professional Ethics and Practice'),
(1020, 'SE Application Domain Elective ?II'),
(1021, 'Theory of Automata and Formal Languages'),
(1022, 'Senior Capstone Project II'),
(1023, 'SE Elective III'),
(1024, 'SE Elective IV'),
(1025, 'SE Elective V'),
(1026, 'Communication Skills and Personality Development'),
(1027, 'Operating Systems Concepts'),
(1028, 'Design and Analysis of Algorithm'),
(1029, 'Project Planning and Management'),
(1030, 'Engineering Economy and Value Management'),
(1031, 'Engineering Law, Contract and Contract Administration'),
(1032, 'Human Resource Planning and Management'),
(1033, 'Methods and Equipment: Quality and Productivity'),
(1034, 'Risk Analysis and Management'),
(1035, 'Ergonomics, Work Time Measurement and Process Planning'),
(1036, 'Production Processes'),
(1037, 'Solid Waste Management'),
(1038, 'Effluent & Emission Control'),
(1039, 'Risk Assessment & Environ-ment Assessment'),
(1040, 'Risk Assessment & Environment Assessment'),
(1041, 'EHS Law & Regulation Management'),
(1042, 'Micro Biology'),
(1043, 'Environmental & Safety Management Systems'),
(1044, 'Advance Topics in EHS Management'),
(1046, 'Principles of Safety Management'),
(1047, 'Special Topics in QM'),
(1048, 'Advance Topics in HRM'),
(1049, 'Special Topics in EHS Management'),
(1050, 'Project Planning, Scheduling and Control'),
(1051, 'Leadership and Operational Development'),
(1052, 'Project Cost Management'),
(1053, 'Project Procurement and Contract Management'),
(1054, 'Project Risk Management'),
(1055, 'Thesis Project/ Practical Fullfilment'),
(1056, 'Organizational Management'),
(1057, 'Strategic Finance'),
(1058, 'Basic Econometrics'),
(1059, 'Advance Computational Theory'),
(1060, 'Research in Finance'),
(1061, 'Regulatory Investment'),
(1062, 'Advance Econometrics'),
(1063, 'International Trade'),
(1064, 'Advanced Database Management Systems'),
(1066, 'tests'),
(1067, '21st Century Management Challenges'),
(1068, 'Special Topics in HRM '),
(1069, 'Advance Topics in Quality Managemen'),
(1070, 'Quantitative Research'),
(1071, 'Educational Leadership, Management and Organization'),
(1072, 'Educational Policy Studies'),
(1073, 'Quality Assurance in Education'),
(1074, 'Leadership Theories and Practices in Education'),
(1075, 'Finance and Resource Management'),
(1076, 'Qualitative Research'),
(1077, 'Introduction to SPSS and ENVIVO'),
(1078, 'Writing for Research, Publication and Research Semester'),
(1079, 'Emerging Technologies '),
(1080, 'Mobile Application Development ');

-- --------------------------------------------------------

--
-- Table structure for table `su_training`
--

CREATE TABLE IF NOT EXISTS `su_training` (
  `tra_id` int(11) unsigned DEFAULT NULL,
  `tra_title` varchar(255) DEFAULT NULL,
  `tra_description` varchar(255) DEFAULT NULL,
  `tra_image` varchar(255) DEFAULT NULL,
  `cen_id` int(11) unsigned DEFAULT NULL
) ENGINE=MyISAM DEFAULT CHARSET=utf8;

--
-- Dumping data for table `su_training`
--

INSERT INTO `su_training` (`tra_id`, `tra_title`, `tra_description`, `tra_image`, `cen_id`) VALUES
(3, 'THE ART OF WRITING CASE STUDIES', 'The workshop on case writing was conducted to provide case teachers with the opportunity to explore the case method and assess its benefits for use in their own classes. The workshop aimed at guiding participants about case writing, providing practical ad', '../../Research/writing.jpg', 1),
(4, 'HOW TO PUBLISH IN QUALITY JOURNALS', 'This one day workshop was intended to serve as a guide to faculty members, either completing or wishing to pursue their PhDs, who need to know what steps to follow in order to publish their journal articles. The workshop was conducted by Muhammad Azam Roo', '../../Research/publishing.jpg', 2),
(5, '3 DAYS ACTIVE CITIZEN PROGRAM OF BRITISH COUNCIL', 'The active participation of youth in the development of community is of great concern. Realizing this fact, ', '../../Research/british.jpg', 1),
(6, 'CAPACITY BUILDING IN RESEARCH', 'To provide intensive research training to research scholars and faculty, a three months program of ', '../../Research/capacity.jpg', 1),
(7, 'ONE-DAY WORKSHOP ON ', 'This workshop was conducted by Dr. Muhamamd Ramzan, a seasoned researcher with more than 20 years of work experience of prestigious institutions like United States Information Service and GIK Institute of Engineering Sciences & Technology. He is Director ', '../../Research/research.jpg', 1),
(8, 'MASTERING RESEARCH TOOLS USING SPSS, AMOS, STATA AND ENDNOTE', 'A three day National level workshop was conducted on in collaboration with RCTD on 5-7 January, 2012 (Thursday-Saturday). The workshop aimed at developing advance research skills of the participants through lectures, presentations, use of different softwa', '../../Research/core-tools.jpg', 1),
(9, 'WORKSHOPS ON HOW TO PREPARE EFFECTIVE ASSIGNMENTS: THE SIGNIFICANCE AND USE OF RESEARCH TOOLS ', 'ANCRD invited Marta Lindvert, a PhD research scholar form Mid Sweden University, Sweden to deliver series of workshops on preparing effective assignments using different research tools. The workshops were especially centered on improving the research skil', '../../Research/keyword-research-in-page.jpg', 1),
(10, 'A PROJECT MANAGEMENT COURSE AND A SERIES OF INTERACTIVE SEMINARS WITH CHRISTINE MORTIMER', 'ANCRD invited Christine Mortimer, lecturer at York St John University, UK from the Faculty of Business and Communication, who delivered a comprehensive course on ', '../../Research/Images_projectmanagement.jpg', 1),
(2, 'Entrepreneurship ', 'Students need to meet veteran business experts and working executives so that they may have an enhanced exposure of the emerging market trends. CMACED organizes such forums frequently. Recently, Mr. Salim Ghauri, Chairman Netsol Technologies, was invited ', '../../Research/entrepreneur1.jpg', 2);

-- --------------------------------------------------------

--
-- Table structure for table `su_trialterms`
--

CREATE TABLE IF NOT EXISTS `su_trialterms` (
  `uid` int(11) unsigned NOT NULL,
  `lname` varchar(255) NOT NULL,
  `pass` varchar(255) NOT NULL,
  `status` varchar(255) NOT NULL,
  `fname` varchar(255) NOT NULL,
  `email` varchar(255) NOT NULL,
  `usr` varchar(255) NOT NULL,
  PRIMARY KEY (`uid`)
) ENGINE=MyISAM DEFAULT CHARSET=utf8;

--
-- Dumping data for table `su_trialterms`
--

INSERT INTO `su_trialterms` (`uid`, `lname`, `pass`, `status`, `fname`, `email`, `usr`) VALUES
(1, 'amir', 'law786go', 'UnBlocked', 'Muhammad Amir', 'amirz@superior.edu.pk', 'amir'),
(2, 'library', 'law786go', 'UnBlocked', 'Librarian', 'N.A', 'amir'),
(3, 'research', 'law786go', 'Blocked', 'Research', 'N.A', 'amir'),
(4, 'registrar', 'law786go', 'UnBlocked', 'Pirzada Sami Ullah Sabri', 'na', 'amir'),
(5, 'iso', 'law786go', 'UnBlocked', 'Muhammad Riaz', 'na', 'amir'),
(6, 'admissions', 'law786go', 'Blocked', 'Tahir Mehmood', 'na', 'amir'),
(7, 'hrd', 'law786go', 'UnBlocked', 'Muneeb Ahmad', 'na', 'amir'),
(8, 'azam', 'law786go', 'UnBlocked', 'Muhammad Azam', 'na', 'amir'),
(9, 'pmms', 'law786go', 'UnBlocked', 'Mubashar', 'na', 'amir'),
(10, 'pmavi', 'law786go', 'UnBlocked', 'Salman Masood', 'na', 'amir'),
(11, 'pmmc', 'law786go', 'UnBlocked', 'Sohail Riaz', 'na', 'amir'),
(12, 'pmit', 'law786go', 'UnBlocked', 'Azam Sab', 'na', 'amir'),
(13, 'ali.ashraf', 'law786go', 'UnBlocked', 'Ali Ashraf', 'na', 'amir'),
(14, 'split', 'law786go', 'Blocked', 'Husnain Haider Tarar', 'na', 'amir'),
(15, 'asif.aziz', 'law786go', 'Blocked', 'Asif Aziz', 'asif.aziz@superior.edu.pk', 'amir');

-- --------------------------------------------------------

--
-- Table structure for table `su_usefullink`
--

CREATE TABLE IF NOT EXISTS `su_usefullink` (
  `uflink_id` int(11) unsigned NOT NULL,
  `uflink_title` varchar(255) NOT NULL,
  `uflink_url` varchar(255) NOT NULL,
  PRIMARY KEY (`uflink_id`)
) ENGINE=MyISAM DEFAULT CHARSET=utf8;

--
-- Dumping data for table `su_usefullink`
--

INSERT INTO `su_usefullink` (`uflink_id`, `uflink_title`, `uflink_url`) VALUES
(12, 'Wikipedia', 'www.wikipedia.com'),
(13, 'Yahoo', 'ww.yahoo.com');

-- --------------------------------------------------------

--
-- Table structure for table `tempauth`
--

CREATE TABLE IF NOT EXISTS `tempauth` (
  `tid` int(11) unsigned NOT NULL,
  `fnm` varchar(255) NOT NULL,
  `snm` varchar(255) NOT NULL,
  `tnm` varchar(255) NOT NULL,
  PRIMARY KEY (`tid`)
) ENGINE=MyISAM DEFAULT CHARSET=utf8;

--
-- Dumping data for table `tempauth`
--

INSERT INTO `tempauth` (`tid`, `fnm`, `snm`, `tnm`) VALUES
(10, 'Mirza', 'Azhar', 'Iqbal Baig'),
(11, 'Chaudhry', 'Abdul', 'Rehman'),
(12, 'Nadeem', 'Iqbal', '----'),
(13, 'Afshan', 'Hameed', '-----');

/*!40101 SET CHARACTER_SET_CLIENT=@OLD_CHARACTER_SET_CLIENT */;
/*!40101 SET CHARACTER_SET_RESULTS=@OLD_CHARACTER_SET_RESULTS */;
/*!40101 SET COLLATION_CONNECTION=@OLD_COLLATION_CONNECTION */;
